client_id,age,situation_familiale,profession,region,anciennete_mois,produit_principal,niveau_couverture,canal_souscription,prime_mensuelle_eur,nb_sinistres_12m,montant_sinistres_eur,nb_appels_support_12m,nb_avenants_contrat,retard_paiement_nb,score_satisfaction,resiliation_anterieure,date_souscription,date_derniere_interaction,churned
CLT00001,60,En couple,Indépendant,Occitanie,48,Assurance Auto,Essentiel,Courtier,94.62,1,1876.24,0.0,2,0,2.0,0,2022-04-15,2024-03-07,1
CLT00002,24,Célibataire,Salarié,Île-de-France,72,Multirisque Pro,Essentiel,Téléphone,173.95,1,2827.95,0.0,3,0,3.0,0,2022-08-12,2023-04-07,0
CLT00003,70,Veuf/Veuve,Indépendant,Occitanie,132,Multirisque Pro,Premium,Agence,425.66,0,0.0,0.0,3,0,3.0,0,2023-04-05,2024-01-31,0
CLT00004,73,Marié(e),Fonctionnaire,Grand Est,108,Assurance Santé,Essentiel,Web,103.95,1,677.47,0.0,3,0,5.0,0,2022-06-09,2023-01-15,1
CLT00005,23,Célibataire,Fonctionnaire,Grand Est,48,Assurance Santé,Essentiel,Agence,112.12,1,1907.99,2.0,2,0,5.0,0,2022-12-19,2023-09-15,0
CLT00006,27,Veuf/Veuve,Salarié,PACA,72,Assurance Auto,Premium,Téléphone,166.62,0,0.0,4.0,1,0,4.0,1,2023-07-20,2023-12-17,0
CLT00007,36,Célibataire,Indépendant,PACA,96,Multirisque Pro,Confort,Web,293.9,0,0.0,4.0,0,0,4.0,1,2022-10-24,2023-01-13,0
CLT00008,66,Veuf/Veuve,Fonctionnaire,Nouvelle-Aquitaine,108,Assurance Habitation,Essentiel,Téléphone,42.92,0,0.0,0.0,0,0,5.0,0,2022-06-16,2023-06-30,0
CLT00009,38,En couple,Sans emploi,PACA,96,Assurance Santé,Essentiel,Courtier,132.62,1,407.33,0.0,0,1,5.0,0,2022-09-08,2023-02-22,1
CLT00010,44,Marié(e),Salarié,Occitanie,168,Assurance Vie,Confort,Courtier,80.96,1,1985.16,3.0,0,3,4.0,1,2022-08-23,2022-09-24,0
CLT00011,35,En couple,Sans emploi,PACA,84,Assurance Santé,Confort,Courtier,145.18,1,510.49,1.0,2,0,1.0,0,2022-11-19,2023-06-24,0
CLT00012,51,Marié(e),Indépendant,Auvergne-Rhône-Alpes,60,Assurance Vie,Confort,Téléphone,78.73,0,0.0,2.0,3,0,5.0,0,2022-09-10,2024-04-06,0
CLT00013,63,Marié(e),Indépendant,Grand Est,156,Multirisque Pro,Confort,Téléphone,266.97,0,0.0,1.0,3,2,3.0,0,2022-05-22,2023-10-25,0
CLT00014,49,En couple,Indépendant,PACA,108,Assurance Vie,Essentiel,Agence,57.68,0,0.0,0.0,1,0,1.0,0,2023-11-28,2024-03-15,1
CLT00015,48,Veuf/Veuve,Sans emploi,Grand Est,108,Multirisque Pro,Essentiel,Téléphone,203.94,1,954.35,0.0,2,0,3.0,0,2022-09-15,2024-04-03,0
CLT00016,70,Marié(e),Salarié,Nouvelle-Aquitaine,120,Assurance Auto,Premium,Agence,189.9,0,0.0,1.0,0,3,2.0,0,2022-10-28,2024-01-16,0
CLT00017,49,En couple,Sans emploi,Nouvelle-Aquitaine,72,Assurance Habitation,Confort,Agence,54.28,0,0.0,1.0,1,0,2.0,1,2022-04-19,2024-01-19,1
CLT00018,25,Marié(e),Indépendant,Auvergne-Rhône-Alpes,84,Assurance Santé,Premium,Web,267.98,0,0.0,2.0,3,3,4.0,0,2023-07-07,2024-04-03,0
CLT00019,37,Célibataire,Salarié,Hauts-de-France,12,Assurance Auto,Premium,Courtier,144.44,0,0.0,1.0,2,0,4.0,0,2023-01-07,2023-11-17,0
CLT00020,40,Célibataire,Retraité,PACA,48,Assurance Habitation,Essentiel,Web,48.41,0,0.0,1.0,3,1,4.0,0,2022-03-12,2024-04-28,0
CLT00021,71,En couple,Fonctionnaire,Hauts-de-France,84,Multirisque Pro,Essentiel,Web,207.9,1,839.94,0.0,3,0,4.0,0,2023-06-25,2024-04-30,1
CLT00022,33,Veuf/Veuve,Fonctionnaire,Nouvelle-Aquitaine,60,Assurance Vie,Essentiel,Web,69.91,1,1149.28,0.0,3,1,5.0,0,2023-03-25,2024-06-27,0
CLT00023,73,En couple,Salarié,Occitanie,132,Multirisque Pro,Confort,Agence,329.69,1,2073.17,1.0,3,0,2.0,0,2022-12-13,2023-01-03,1
CLT00024,39,Célibataire,Salarié,Occitanie,24,Multirisque Pro,Premium,Web,436.87,1,827.95,2.0,0,0,4.0,0,2023-12-26,2024-06-04,0
CLT00025,24,Marié(e),Salarié,Île-de-France,12,Assurance Auto,Essentiel,Agence,76.63,0,0.0,1.0,1,0,3.0,1,2023-06-11,2023-10-10,1
CLT00026,29,En couple,Sans emploi,Occitanie,132,Assurance Santé,Premium,Téléphone,240.49,0,0.0,1.0,2,0,4.0,0,2023-08-14,2024-04-12,0
CLT00027,56,Célibataire,Salarié,Occitanie,12,Assurance Habitation,Confort,Téléphone,54.51,4,6063.38,0.0,1,0,4.0,1,2023-11-06,2024-02-24,1
CLT00028,74,Célibataire,Salarié,Hauts-de-France,36,Assurance Santé,Confort,Téléphone,200.44,0,0.0,0.0,3,0,5.0,0,2022-03-04,2023-04-20,0
CLT00029,52,En couple,Sans emploi,Occitanie,72,Assurance Santé,Essentiel,Web,131.23,1,472.09,1.0,1,0,4.0,0,2023-04-05,2023-06-15,0
CLT00030,61,En couple,Salarié,Hauts-de-France,12,Assurance Vie,Essentiel,Courtier,53.87,1,1747.9,0.0,1,1,5.0,1,2023-03-30,2024-05-16,0
CLT00031,57,Célibataire,Indépendant,Île-de-France,156,Multirisque Pro,Essentiel,Agence,183.6,0,0.0,0.0,1,0,5.0,0,2022-06-20,2023-08-10,1
CLT00032,44,Célibataire,Indépendant,Grand Est,72,Assurance Vie,Confort,Web,81.05,0,0.0,5.0,1,0,4.0,0,2023-01-24,2023-01-26,0
CLT00033,64,Veuf/Veuve,Sans emploi,Nouvelle-Aquitaine,144,Assurance Vie,Confort,Téléphone,81.0,2,1920.64,4.0,2,0,2.0,0,2023-11-09,2024-05-10,0
CLT00034,61,En couple,Salarié,Nouvelle-Aquitaine,48,Assurance Vie,Essentiel,Web,53.79,3,6602.6,0.0,3,0,3.0,0,2023-08-17,2024-05-20,1
CLT00035,74,Célibataire,Sans emploi,Île-de-France,168,Assurance Auto,Premium,Courtier,182.81,1,1345.07,0.0,0,0,4.0,0,2023-05-04,2024-01-16,0
CLT00036,66,En couple,Salarié,PACA,60,Multirisque Pro,Essentiel,Agence,214.68,0,0.0,1.0,0,0,4.0,0,2023-09-02,2023-10-06,0
CLT00037,58,Célibataire,Sans emploi,Occitanie,72,Assurance Habitation,Confort,Agence,53.87,0,0.0,0.0,0,3,3.0,0,2022-03-25,2023-05-28,1
CLT00038,47,En couple,Fonctionnaire,Nouvelle-Aquitaine,60,Multirisque Pro,Premium,Courtier,406.29,0,0.0,1.0,2,2,1.0,1,2022-09-02,2023-05-31,1
CLT00039,31,Marié(e),Salarié,Hauts-de-France,120,Assurance Vie,Essentiel,Courtier,70.6,0,0.0,1.0,0,0,,0,2022-01-10,2023-04-24,1
CLT00040,53,En couple,Sans emploi,PACA,132,Multirisque Pro,Premium,Agence,452.13,1,1805.43,0.0,0,2,4.0,0,2022-09-29,2023-02-11,0
CLT00041,31,Marié(e),Indépendant,Bretagne,132,Assurance Santé,Essentiel,Web,110.22,0,0.0,,1,0,1.0,0,2023-03-25,2024-05-24,0
CLT00042,50,Marié(e),Salarié,Île-de-France,120,Multirisque Pro,Premium,Courtier,435.43,0,0.0,0.0,2,0,2.0,0,2022-05-18,2023-02-12,0
CLT00043,57,Marié(e),Sans emploi,Nouvelle-Aquitaine,108,Assurance Auto,Essentiel,Web,90.5,0,0.0,0.0,0,0,4.0,0,2022-08-04,2023-07-21,1
CLT00044,70,Marié(e),Salarié,Hauts-de-France,84,Assurance Habitation,Premium,Courtier,94.79,2,3546.45,0.0,2,1,5.0,0,2022-04-05,2024-01-14,0
CLT00045,41,Marié(e),Indépendant,Île-de-France,108,Assurance Vie,Confort,Agence,80.81,2,2579.53,0.0,0,0,5.0,1,2023-10-15,2024-02-26,0
CLT00046,73,Célibataire,Salarié,Grand Est,36,Assurance Habitation,Premium,Téléphone,92.03,0,0.0,0.0,3,0,3.0,0,2022-03-19,2024-02-24,0
CLT00047,60,En couple,Retraité,Bretagne,156,Assurance Habitation,Premium,Agence,105.82,4,11954.43,0.0,2,0,5.0,0,2022-05-11,2022-06-22,1
CLT00048,31,En couple,Indépendant,Bretagne,120,Assurance Santé,Confort,Agence,179.15,0,0.0,0.0,0,0,3.0,1,2023-11-14,2023-12-10,1
CLT00049,50,En couple,Indépendant,Auvergne-Rhône-Alpes,60,Assurance Santé,Premium,Téléphone,223.59,1,2616.79,3.0,0,3,5.0,0,2022-07-01,2023-08-27,0
CLT00050,52,En couple,Fonctionnaire,Grand Est,36,Assurance Auto,Essentiel,Courtier,89.76,1,1387.82,3.0,2,0,4.0,0,2022-06-13,2024-05-31,0
CLT00051,41,En couple,Indépendant,Hauts-de-France,144,Assurance Auto,Confort,Agence,125.27,2,4567.59,1.0,3,0,5.0,0,2023-04-17,2023-10-13,0
CLT00052,59,En couple,Retraité,Île-de-France,60,Assurance Santé,Essentiel,Web,142.46,0,0.0,4.0,0,0,3.0,1,2022-12-03,2023-09-14,0
CLT00053,57,Marié(e),Salarié,Grand Est,36,Assurance Auto,Confort,Courtier,122.46,0,0.0,0.0,0,0,4.0,0,2022-04-29,2023-01-21,0
CLT00054,37,Célibataire,Sans emploi,Île-de-France,84,Assurance Habitation,Premium,Courtier,77.93,0,0.0,4.0,3,0,4.0,0,2023-03-21,2023-09-13,0
CLT00055,57,En couple,Fonctionnaire,Grand Est,120,Assurance Santé,Confort,Agence,165.63,0,0.0,0.0,0,3,5.0,0,2022-02-15,2024-02-10,0
CLT00056,54,Veuf/Veuve,Salarié,Bretagne,60,Assurance Vie,Essentiel,Web,68.09,1,655.33,3.0,0,0,5.0,0,2023-11-12,2024-02-04,0
CLT00057,31,Marié(e),Retraité,Nouvelle-Aquitaine,96,Multirisque Pro,Confort,Agence,323.91,1,661.54,1.0,1,3,5.0,0,2022-12-01,2024-01-17,0
CLT00058,46,Veuf/Veuve,Retraité,Occitanie,72,Assurance Santé,Premium,Web,273.65,1,377.83,0.0,2,0,3.0,1,2023-11-25,2024-06-03,0
CLT00059,52,Célibataire,Fonctionnaire,Grand Est,60,Assurance Habitation,Premium,Courtier,107.89,1,2353.16,4.0,1,0,4.0,0,2022-10-21,2023-05-24,0
CLT00060,66,Veuf/Veuve,Retraité,Hauts-de-France,156,Assurance Vie,Premium,Courtier,110.7,2,4639.2,0.0,2,0,2.0,0,2023-11-23,2024-01-16,0
CLT00061,71,Marié(e),Sans emploi,PACA,144,Multirisque Pro,Confort,Web,318.01,3,1342.63,2.0,0,0,2.0,0,2023-11-11,2024-04-21,0
CLT00062,23,Marié(e),Indépendant,Occitanie,132,Multirisque Pro,Confort,Agence,258.87,0,0.0,0.0,1,0,4.0,0,2022-07-23,2022-12-20,1
CLT00063,55,Célibataire,Retraité,Hauts-de-France,48,Assurance Auto,Essentiel,Web,83.33,0,0.0,3.0,1,1,4.0,1,2023-03-01,2024-05-27,1
CLT00064,38,Veuf/Veuve,Indépendant,Hauts-de-France,120,Multirisque Pro,Essentiel,Téléphone,223.82,0,0.0,0.0,1,0,4.0,0,2022-06-01,2024-04-02,0
CLT00065,72,En couple,Sans emploi,Occitanie,108,Assurance Auto,Essentiel,Téléphone,80.88,1,1320.84,1.0,3,0,3.0,1,2023-04-21,2023-05-16,0
CLT00066,50,En couple,Retraité,Hauts-de-France,24,Multirisque Pro,Essentiel,Agence,212.14,0,0.0,2.0,1,0,3.0,0,2023-11-15,2024-03-29,1
CLT00067,62,Veuf/Veuve,Sans emploi,Hauts-de-France,144,Multirisque Pro,Premium,Courtier,368.89,0,0.0,1.0,0,0,3.0,0,2023-04-02,2023-06-22,0
CLT00068,51,Marié(e),Sans emploi,Occitanie,132,Assurance Vie,Confort,Courtier,98.47,0,0.0,0.0,0,0,2.0,1,2023-05-12,2024-03-27,1
CLT00069,43,Marié(e),Indépendant,PACA,168,Assurance Habitation,Confort,Téléphone,67.18,0,0.0,1.0,0,0,2.0,0,2022-10-06,2023-09-14,0
CLT00070,44,En couple,Indépendant,Auvergne-Rhône-Alpes,168,Assurance Santé,Premium,Agence,266.97,0,0.0,3.0,1,0,4.0,0,2023-01-28,2023-07-03,0
CLT00071,31,Marié(e),Sans emploi,Grand Est,84,Assurance Habitation,Essentiel,Téléphone,43.32,0,0.0,0.0,3,0,3.0,0,2023-04-23,2023-11-21,0
CLT00072,62,Célibataire,Sans emploi,Grand Est,156,Assurance Auto,Essentiel,Téléphone,81.43,1,2263.1,1.0,3,0,4.0,0,2023-01-25,2024-05-27,0
CLT00073,47,Veuf/Veuve,Sans emploi,Grand Est,24,Assurance Auto,Confort,Courtier,104.78,0,0.0,0.0,0,0,3.0,0,2023-07-14,2024-05-17,1
CLT00074,25,Veuf/Veuve,Retraité,Nouvelle-Aquitaine,168,Assurance Habitation,Confort,Web,57.66,0,0.0,0.0,2,0,5.0,0,2022-01-30,2023-03-04,0
CLT00075,45,Veuf/Veuve,Indépendant,Auvergne-Rhône-Alpes,72,Assurance Santé,Premium,Téléphone,237.42,3,7870.26,2.0,0,1,4.0,1,2023-09-30,2024-06-29,0
CLT00076,32,Veuf/Veuve,Indépendant,PACA,96,Assurance Auto,Confort,Agence,113.88,2,1548.43,,3,0,4.0,0,2023-04-18,2023-07-20,0
CLT00077,47,En couple,Retraité,Bretagne,168,Assurance Auto,Confort,Téléphone,106.51,1,632.22,1.0,2,0,4.0,0,2022-12-01,2023-11-11,0
CLT00078,31,Célibataire,Retraité,Nouvelle-Aquitaine,144,Assurance Vie,Confort,Téléphone,77.33,1,446.03,0.0,0,0,5.0,0,2022-01-20,2024-02-26,0
CLT00079,51,Célibataire,Salarié,Occitanie,12,Multirisque Pro,Essentiel,Courtier,229.55,1,1343.85,4.0,2,0,5.0,0,2022-02-01,2022-10-12,0
CLT00080,43,En couple,Retraité,Occitanie,144,Assurance Habitation,Essentiel,Web,51.51,0,0.0,2.0,1,1,5.0,0,2023-11-17,2023-12-16,0
CLT00081,35,Marié(e),Indépendant,Nouvelle-Aquitaine,120,Multirisque Pro,Essentiel,Téléphone,233.55,0,0.0,1.0,1,0,5.0,0,2023-09-13,2023-11-10,0
CLT00082,59,Marié(e),Sans emploi,Île-de-France,12,Assurance Habitation,Confort,Agence,70.03,0,0.0,0.0,0,0,4.0,0,2023-11-25,2024-02-29,0
CLT00083,60,En couple,Salarié,PACA,36,Assurance Vie,Premium,Web,120.12,0,0.0,2.0,1,1,2.0,0,2023-12-15,2024-06-29,0
CLT00084,60,Marié(e),Sans emploi,Île-de-France,132,Assurance Santé,Premium,Agence,270.24,0,0.0,0.0,0,0,5.0,0,2023-03-15,2024-02-16,0
CLT00085,26,Veuf/Veuve,Retraité,Île-de-France,132,Assurance Santé,Essentiel,Courtier,133.69,0,0.0,1.0,2,0,5.0,0,2022-04-19,2023-07-06,0
CLT00086,26,Veuf/Veuve,Indépendant,Auvergne-Rhône-Alpes,156,Assurance Santé,Premium,Téléphone,223.26,1,2216.1,1.0,2,1,4.0,0,2023-06-19,2024-05-17,0
CLT00087,31,Veuf/Veuve,Sans emploi,Hauts-de-France,96,Assurance Santé,Premium,Téléphone,253.0,0,0.0,1.0,1,2,,0,2022-10-02,2023-08-28,1
CLT00088,54,En couple,Retraité,Hauts-de-France,96,Assurance Habitation,Essentiel,Courtier,51.99,3,5347.12,1.0,3,0,1.0,0,2023-08-07,2024-06-14,1
CLT00089,30,Marié(e),Indépendant,Hauts-de-France,72,Assurance Vie,Confort,Agence,73.67,0,0.0,2.0,2,0,4.0,1,2023-05-15,2023-08-31,0
CLT00090,44,Marié(e),Sans emploi,Nouvelle-Aquitaine,108,Assurance Santé,Confort,Courtier,162.33,0,0.0,,2,0,4.0,0,2022-01-11,2023-06-24,0
CLT00091,74,Veuf/Veuve,Sans emploi,Grand Est,120,Assurance Habitation,Essentiel,Web,43.5,0,0.0,1.0,2,0,5.0,0,2022-09-04,2024-01-04,0
CLT00092,64,Marié(e),Indépendant,PACA,132,Assurance Vie,Confort,Agence,84.7,0,0.0,0.0,2,0,3.0,0,2023-02-19,2024-02-08,0
CLT00093,64,Marié(e),Retraité,Hauts-de-France,72,Assurance Habitation,Confort,Courtier,58.4,0,0.0,1.0,0,0,5.0,0,2023-07-18,2024-01-03,1
CLT00094,61,Marié(e),Fonctionnaire,Nouvelle-Aquitaine,12,Assurance Santé,Premium,Téléphone,229.17,0,0.0,0.0,2,2,3.0,0,2022-08-25,2022-12-26,1
CLT00095,66,En couple,Indépendant,Auvergne-Rhône-Alpes,156,Assurance Habitation,Confort,Agence,63.96,1,383.98,2.0,2,0,4.0,0,2023-05-11,2023-09-29,0
CLT00096,72,En couple,Fonctionnaire,PACA,48,Multirisque Pro,Premium,Courtier,365.47,2,5698.25,0.0,1,0,5.0,0,2022-08-21,2023-08-25,0
CLT00097,53,Marié(e),Salarié,Auvergne-Rhône-Alpes,24,Assurance Habitation,Confort,Agence,72.67,0,0.0,1.0,2,0,3.0,0,2022-02-25,2023-09-14,1
CLT00098,68,Célibataire,Salarié,Hauts-de-France,60,Assurance Santé,Premium,Web,219.0,1,866.91,0.0,3,0,5.0,0,2023-08-11,2024-01-03,0
CLT00099,73,En couple,Salarié,Bretagne,60,Assurance Vie,Confort,Téléphone,75.55,0,0.0,0.0,1,0,1.0,0,2022-09-16,2024-01-18,1
CLT00100,40,Célibataire,Sans emploi,Hauts-de-France,48,Assurance Auto,Essentiel,Téléphone,86.0,1,2749.75,1.0,2,0,3.0,0,2023-10-07,2023-11-03,0
CLT00101,26,En couple,Salarié,PACA,60,Assurance Habitation,Essentiel,Courtier,44.7,1,1421.15,0.0,3,1,5.0,0,2023-07-26,2024-02-24,0
CLT00102,67,Veuf/Veuve,Retraité,Grand Est,84,Multirisque Pro,Premium,Web,451.98,0,0.0,0.0,1,0,4.0,0,2022-11-01,2024-06-25,0
CLT00103,43,En couple,Indépendant,PACA,132,Assurance Vie,Confort,Agence,83.8,0,0.0,3.0,1,0,3.0,1,2022-09-28,2022-12-20,1
CLT00104,57,En couple,Salarié,PACA,108,Assurance Habitation,Essentiel,Web,42.57,1,2023.98,2.0,2,0,2.0,0,2023-02-23,2023-10-11,1
CLT00105,48,En couple,Fonctionnaire,Île-de-France,96,Multirisque Pro,Confort,Courtier,262.57,1,1583.97,1.0,0,0,4.0,0,2023-12-25,2024-03-06,1
CLT00106,64,En couple,Retraité,Nouvelle-Aquitaine,12,Assurance Vie,Essentiel,Web,52.74,1,886.98,0.0,3,2,,0,2022-04-28,2023-11-06,0
CLT00107,55,En couple,Salarié,Nouvelle-Aquitaine,84,Assurance Habitation,Premium,Web,97.41,3,6753.61,0.0,3,0,4.0,1,2022-03-03,2022-08-19,0
CLT00108,66,Célibataire,Retraité,Hauts-de-France,132,Assurance Santé,Premium,Courtier,232.08,1,498.48,0.0,0,1,4.0,0,2023-12-07,2024-02-22,0
CLT00109,56,Célibataire,Sans emploi,Hauts-de-France,36,Assurance Vie,Confort,Téléphone,73.69,0,0.0,4.0,1,0,4.0,0,2022-02-10,2023-04-28,0
CLT00110,38,Célibataire,Indépendant,Île-de-France,120,Assurance Santé,Premium,Courtier,262.01,0,0.0,0.0,3,1,5.0,0,2023-11-22,2024-06-23,0
CLT00111,37,Célibataire,Indépendant,Nouvelle-Aquitaine,72,Multirisque Pro,Premium,Agence,477.28,2,4021.32,1.0,0,0,5.0,0,2023-04-27,2024-01-17,0
CLT00112,44,Veuf/Veuve,Salarié,Grand Est,120,Assurance Vie,Confort,Web,88.1,2,590.1,1.0,0,0,3.0,0,2023-04-27,2023-10-22,0
CLT00113,52,En couple,Fonctionnaire,PACA,168,Assurance Vie,Confort,Courtier,73.01,0,0.0,1.0,2,0,1.0,0,2023-02-26,2024-02-16,1
CLT00114,55,Veuf/Veuve,Salarié,Île-de-France,36,Assurance Vie,Confort,Téléphone,91.87,0,0.0,,3,1,4.0,0,2022-11-19,2023-08-04,0
CLT00115,34,Veuf/Veuve,Retraité,Île-de-France,24,Assurance Santé,Essentiel,Téléphone,123.85,0,0.0,3.0,1,1,1.0,0,2022-02-25,2022-09-05,0
CLT00116,34,Célibataire,Indépendant,Hauts-de-France,24,Multirisque Pro,Confort,Téléphone,330.03,1,2994.22,0.0,1,0,2.0,0,2022-10-01,2024-04-15,0
CLT00117,65,Célibataire,Salarié,Hauts-de-France,108,Assurance Habitation,Confort,Téléphone,70.49,0,0.0,1.0,0,0,4.0,0,2023-10-08,2024-02-07,0
CLT00118,71,Célibataire,Indépendant,Grand Est,48,Assurance Habitation,Confort,Agence,69.33,1,976.34,3.0,2,0,4.0,0,2022-04-27,2023-08-12,0
CLT00119,58,Marié(e),Sans emploi,Hauts-de-France,156,Assurance Auto,Premium,Web,150.5,1,2950.53,3.0,3,0,4.0,0,2023-12-24,2024-03-02,0
CLT00120,29,Veuf/Veuve,Sans emploi,Occitanie,48,Assurance Vie,Confort,Téléphone,96.03,0,0.0,2.0,1,0,3.0,0,2022-05-29,2023-06-25,1
CLT00121,24,Marié(e),Retraité,PACA,96,Assurance Habitation,Premium,Web,87.53,0,0.0,4.0,0,0,,0,2022-12-15,2024-05-17,0
CLT00122,56,Veuf/Veuve,Indépendant,Nouvelle-Aquitaine,24,Assurance Santé,Essentiel,Courtier,122.63,4,10851.28,1.0,0,0,3.0,0,2023-04-03,2024-01-03,0
CLT00123,55,Veuf/Veuve,Fonctionnaire,Grand Est,132,Assurance Vie,Confort,Courtier,97.2,0,0.0,0.0,0,1,1.0,0,2022-07-13,2024-06-26,1
CLT00124,46,Veuf/Veuve,Salarié,Occitanie,60,Assurance Habitation,Premium,Téléphone,99.66,0,0.0,0.0,1,1,3.0,0,2022-11-22,2024-03-20,1
CLT00125,69,Célibataire,Indépendant,Hauts-de-France,156,Assurance Vie,Confort,Web,97.7,4,1488.99,3.0,1,1,4.0,0,2023-05-30,2024-03-27,0
CLT00126,48,Veuf/Veuve,Salarié,PACA,156,Assurance Santé,Essentiel,Téléphone,113.22,2,4865.59,1.0,0,0,,0,2022-05-28,2023-07-21,0
CLT00127,74,Marié(e),Sans emploi,Nouvelle-Aquitaine,120,Assurance Habitation,Essentiel,Téléphone,39.92,1,729.82,3.0,0,0,5.0,1,2023-12-11,2024-03-21,1
CLT00128,64,Veuf/Veuve,Sans emploi,Bretagne,60,Assurance Auto,Confort,Téléphone,124.35,0,0.0,2.0,1,0,5.0,0,2022-02-06,2023-10-31,1
CLT00129,48,Célibataire,Retraité,Occitanie,12,Assurance Auto,Essentiel,Courtier,83.68,0,0.0,0.0,3,1,4.0,0,2022-04-11,2024-05-28,0
CLT00130,31,Célibataire,Salarié,Nouvelle-Aquitaine,108,Assurance Auto,Confort,Web,132.95,0,0.0,1.0,1,1,5.0,0,2022-11-29,2023-01-25,0
CLT00131,25,En couple,Indépendant,Grand Est,132,Assurance Santé,Confort,Courtier,152.58,1,2184.0,1.0,1,0,4.0,1,2023-06-28,2024-01-24,0
CLT00132,50,En couple,Salarié,Auvergne-Rhône-Alpes,144,Multirisque Pro,Premium,Web,444.95,0,0.0,2.0,2,1,2.0,0,2023-09-17,2024-03-30,0
CLT00133,32,En couple,Indépendant,Hauts-de-France,120,Multirisque Pro,Premium,Web,340.14,0,0.0,1.0,3,0,4.0,0,2023-04-18,2024-03-09,0
CLT00134,50,Veuf/Veuve,Fonctionnaire,Île-de-France,132,Assurance Santé,Confort,Courtier,155.78,0,0.0,1.0,1,1,2.0,1,2023-11-25,2024-04-12,1
CLT00135,50,Marié(e),Retraité,Bretagne,60,Assurance Habitation,Essentiel,Téléphone,52.58,2,5801.31,2.0,0,0,5.0,1,2023-12-08,2024-02-10,1
CLT00136,56,Veuf/Veuve,Salarié,Grand Est,12,Assurance Vie,Confort,Web,90.56,0,0.0,3.0,3,0,4.0,0,2022-08-31,2023-09-25,1
CLT00137,29,Célibataire,Retraité,Nouvelle-Aquitaine,132,Multirisque Pro,Confort,Courtier,320.79,1,1953.42,0.0,0,3,5.0,0,2022-10-09,2022-10-17,0
CLT00138,51,Marié(e),Indépendant,Hauts-de-France,168,Multirisque Pro,Premium,Agence,423.77,1,893.11,1.0,3,0,4.0,0,2023-09-14,2024-03-12,0
CLT00139,45,En couple,Salarié,Nouvelle-Aquitaine,96,Assurance Habitation,Premium,Web,86.28,0,0.0,0.0,1,0,4.0,1,2023-10-05,2023-10-25,0
CLT00140,32,En couple,Salarié,Bretagne,156,Assurance Santé,Confort,Agence,187.32,3,8225.68,2.0,2,0,2.0,1,2022-10-30,2023-09-29,1
CLT00141,37,Marié(e),Sans emploi,Auvergne-Rhône-Alpes,72,Assurance Vie,Essentiel,Web,63.98,1,1767.02,0.0,3,0,2.0,1,2023-05-29,2023-10-15,1
CLT00142,34,Marié(e),Salarié,Nouvelle-Aquitaine,48,Assurance Habitation,Confort,Téléphone,61.44,0,0.0,4.0,1,1,4.0,0,2023-04-25,2023-06-02,0
CLT00143,70,Célibataire,Retraité,Bretagne,96,Assurance Habitation,Essentiel,Téléphone,48.27,1,288.44,4.0,2,0,4.0,1,2022-01-15,2022-10-12,0
CLT00144,49,Marié(e),Sans emploi,Bretagne,168,Multirisque Pro,Essentiel,Téléphone,224.84,1,1556.32,1.0,3,1,4.0,0,2023-01-26,2024-02-10,0
CLT00145,62,Célibataire,Sans emploi,Hauts-de-France,144,Assurance Auto,Premium,Web,176.97,0,0.0,0.0,2,0,4.0,0,2023-07-29,2024-01-12,0
CLT00146,67,Marié(e),Retraité,Hauts-de-France,48,Multirisque Pro,Essentiel,Agence,222.1,2,2828.47,0.0,3,1,4.0,0,2022-04-30,2022-09-20,0
CLT00147,62,Célibataire,Salarié,Hauts-de-France,132,Assurance Auto,Essentiel,Courtier,86.21,0,0.0,1.0,0,0,4.0,1,2022-08-29,2024-03-01,1
CLT00148,42,Veuf/Veuve,Sans emploi,Bretagne,120,Assurance Habitation,Confort,Téléphone,69.93,0,0.0,0.0,3,0,5.0,0,2022-06-08,2023-08-06,0
CLT00149,62,Célibataire,Fonctionnaire,Nouvelle-Aquitaine,48,Assurance Auto,Confort,Téléphone,96.35,0,0.0,1.0,2,0,5.0,0,2022-08-11,2023-11-08,0
CLT00150,33,Marié(e),Sans emploi,PACA,36,Assurance Vie,Essentiel,Courtier,64.08,1,2252.72,0.0,3,0,4.0,0,2023-10-23,2024-01-22,0
CLT00151,23,Célibataire,Retraité,Occitanie,84,Assurance Auto,Confort,Courtier,111.39,0,0.0,1.0,1,0,5.0,0,2022-04-04,2024-02-11,0
CLT00152,23,Marié(e),Indépendant,Île-de-France,84,Assurance Habitation,Premium,Agence,81.65,0,0.0,4.0,1,0,5.0,0,2022-05-09,2023-12-08,0
CLT00153,57,En couple,Fonctionnaire,Occitanie,156,Assurance Habitation,Essentiel,Web,41.98,0,0.0,3.0,1,0,3.0,0,2022-06-01,2024-02-01,0
CLT00154,22,Marié(e),Indépendant,Auvergne-Rhône-Alpes,60,Assurance Auto,Confort,Web,104.95,1,2178.98,0.0,3,0,4.0,0,2022-04-23,2024-02-28,0
CLT00155,70,En couple,Sans emploi,Bretagne,12,Assurance Auto,Essentiel,Agence,87.75,0,0.0,3.0,1,0,3.0,0,2022-11-28,2022-12-14,1
CLT00156,58,Veuf/Veuve,Sans emploi,Auvergne-Rhône-Alpes,48,Assurance Habitation,Confort,Agence,54.69,1,829.16,0.0,2,0,3.0,0,2022-04-27,2024-05-29,1
CLT00157,74,Célibataire,Retraité,Bretagne,24,Assurance Auto,Confort,Téléphone,133.03,0,0.0,4.0,1,0,,0,2023-05-31,2023-09-21,0
CLT00158,44,Célibataire,Salarié,Hauts-de-France,144,Multirisque Pro,Essentiel,Courtier,207.26,0,0.0,0.0,3,0,,0,2023-05-06,2023-11-27,0
CLT00159,22,Veuf/Veuve,Salarié,Hauts-de-France,84,Assurance Vie,Premium,Agence,130.25,0,0.0,3.0,1,0,3.0,1,2022-03-24,2023-02-16,0
CLT00160,51,Marié(e),Sans emploi,Auvergne-Rhône-Alpes,24,Multirisque Pro,Essentiel,Agence,187.09,2,5241.81,2.0,2,0,5.0,0,2023-10-11,2024-03-25,0
CLT00161,37,Veuf/Veuve,Salarié,Hauts-de-France,168,Assurance Vie,Premium,Courtier,118.54,1,498.46,1.0,1,0,4.0,1,2023-12-20,2024-01-18,0
CLT00162,34,Veuf/Veuve,Indépendant,Grand Est,108,Multirisque Pro,Premium,Web,352.67,0,0.0,0.0,1,0,4.0,0,2023-02-28,2023-08-20,0
CLT00163,39,Marié(e),Retraité,PACA,156,Assurance Vie,Confort,Téléphone,94.86,0,0.0,2.0,3,0,3.0,0,2022-11-17,2023-08-05,0
CLT00164,28,Célibataire,Salarié,PACA,60,Assurance Santé,Essentiel,Téléphone,117.98,0,0.0,1.0,3,0,4.0,0,2022-04-06,2023-06-22,0
CLT00165,67,Célibataire,Sans emploi,Auvergne-Rhône-Alpes,168,Assurance Auto,Premium,Courtier,170.69,0,0.0,0.0,1,1,5.0,1,2023-07-30,2024-05-12,0
CLT00166,46,Marié(e),Retraité,Grand Est,144,Assurance Santé,Premium,Agence,216.52,0,0.0,0.0,3,1,4.0,0,2022-02-22,2022-12-13,0
CLT00167,64,En couple,Indépendant,PACA,156,Multirisque Pro,Confort,Courtier,318.59,0,0.0,3.0,0,0,5.0,1,2023-11-04,2024-03-06,1
CLT00168,42,Célibataire,Fonctionnaire,Bretagne,156,Assurance Habitation,Essentiel,Courtier,43.79,0,0.0,1.0,3,0,4.0,1,2023-08-11,2023-12-04,0
CLT00169,29,Célibataire,Indépendant,Nouvelle-Aquitaine,120,Assurance Vie,Premium,Agence,127.63,1,963.35,1.0,0,0,4.0,1,2022-10-07,2023-08-19,0
CLT00170,52,En couple,Sans emploi,Auvergne-Rhône-Alpes,84,Assurance Santé,Confort,Agence,160.16,1,718.64,3.0,3,1,4.0,0,2023-11-05,2024-02-15,1
CLT00171,63,En couple,Retraité,PACA,132,Assurance Auto,Essentiel,Agence,68.07,1,1642.49,1.0,1,0,3.0,0,2023-03-06,2023-10-24,0
CLT00172,29,Marié(e),Sans emploi,Nouvelle-Aquitaine,96,Assurance Santé,Essentiel,Courtier,116.84,0,0.0,2.0,1,1,4.0,0,2023-09-03,2023-10-16,0
CLT00173,40,Célibataire,Fonctionnaire,Île-de-France,48,Assurance Auto,Essentiel,Web,72.19,0,0.0,0.0,0,1,4.0,0,2023-03-30,2024-03-02,1
CLT00174,69,Marié(e),Indépendant,Grand Est,60,Assurance Vie,Confort,Téléphone,90.27,1,1730.75,0.0,1,0,4.0,0,2023-06-09,2023-08-06,0
CLT00175,28,Veuf/Veuve,Sans emploi,Nouvelle-Aquitaine,60,Assurance Santé,Confort,Agence,182.54,0,0.0,1.0,0,3,4.0,0,2023-11-15,2024-02-01,1
CLT00176,47,Célibataire,Indépendant,Île-de-France,72,Assurance Auto,Essentiel,Téléphone,84.19,0,0.0,0.0,3,0,4.0,0,2022-11-05,2023-06-09,0
CLT00177,27,Célibataire,Salarié,Bretagne,108,Assurance Habitation,Confort,Courtier,67.16,0,0.0,2.0,3,0,5.0,0,2023-05-25,2024-06-10,0
CLT00178,71,En couple,Sans emploi,Grand Est,36,Assurance Vie,Essentiel,Web,62.19,0,0.0,0.0,1,0,2.0,0,2023-07-27,2024-01-24,0
CLT00179,44,Célibataire,Retraité,Grand Est,168,Assurance Auto,Confort,Agence,108.28,1,448.55,4.0,0,0,4.0,0,2022-03-21,2023-02-04,1
CLT00180,37,Marié(e),Salarié,Grand Est,144,Multirisque Pro,Confort,Téléphone,272.06,1,2427.26,3.0,0,3,2.0,0,2023-02-19,2023-03-01,0
CLT00181,65,Célibataire,Retraité,Bretagne,12,Assurance Santé,Essentiel,Téléphone,137.37,0,0.0,1.0,1,1,5.0,0,2022-04-19,2022-12-24,0
CLT00182,73,Veuf/Veuve,Fonctionnaire,PACA,24,Assurance Vie,Premium,Téléphone,104.65,0,0.0,0.0,0,0,4.0,1,2022-12-14,2023-07-28,0
CLT00183,32,En couple,Fonctionnaire,PACA,36,Assurance Santé,Essentiel,Agence,118.67,0,0.0,1.0,2,1,3.0,0,2022-12-26,2023-05-26,0
CLT00184,73,En couple,Indépendant,Nouvelle-Aquitaine,120,Assurance Habitation,Essentiel,Web,46.14,0,0.0,1.0,0,1,4.0,1,2023-09-09,2023-11-26,0
CLT00185,37,Veuf/Veuve,Sans emploi,Hauts-de-France,84,Assurance Auto,Essentiel,Téléphone,76.53,0,0.0,1.0,1,0,3.0,1,2023-10-21,2024-03-31,0
CLT00186,31,Veuf/Veuve,Salarié,Auvergne-Rhône-Alpes,108,Multirisque Pro,Confort,Courtier,294.37,0,0.0,0.0,2,0,4.0,0,2023-04-26,2023-12-08,0
CLT00187,24,Célibataire,Fonctionnaire,Bretagne,36,Assurance Santé,Confort,Agence,166.24,0,0.0,0.0,3,0,4.0,0,2023-04-18,2023-12-05,1
CLT00188,33,Célibataire,Salarié,Nouvelle-Aquitaine,144,Assurance Auto,Essentiel,Courtier,76.73,0,0.0,1.0,3,0,5.0,0,2023-09-22,2024-06-07,0
CLT00189,44,En couple,Fonctionnaire,Hauts-de-France,36,Assurance Vie,Confort,Agence,82.76,1,736.99,0.0,1,0,5.0,0,2023-09-12,2024-05-12,0
CLT00190,40,Célibataire,Fonctionnaire,Hauts-de-France,108,Multirisque Pro,Essentiel,Agence,179.96,0,0.0,0.0,2,0,3.0,0,2024-01-02,2024-01-23,0
CLT00191,61,En couple,Retraité,Île-de-France,12,Multirisque Pro,Premium,Web,372.57,0,0.0,0.0,3,0,,0,2023-03-26,2023-12-19,0
CLT00192,56,Marié(e),Fonctionnaire,Bretagne,84,Multirisque Pro,Premium,Web,413.57,0,0.0,0.0,0,0,,0,2023-02-01,2024-03-25,0
CLT00193,59,Célibataire,Fonctionnaire,Bretagne,60,Assurance Santé,Premium,Agence,267.86,0,0.0,,0,1,3.0,0,2022-04-07,2023-10-30,1
CLT00194,58,Marié(e),Salarié,Auvergne-Rhône-Alpes,156,Assurance Vie,Confort,Courtier,72.65,0,0.0,0.0,2,1,4.0,0,2023-08-20,2023-10-31,0
CLT00195,25,Célibataire,Fonctionnaire,Auvergne-Rhône-Alpes,24,Assurance Santé,Confort,Téléphone,161.89,1,1532.85,0.0,3,0,5.0,1,2023-07-27,2024-02-04,1
CLT00196,38,Marié(e),Salarié,Grand Est,96,Assurance Santé,Essentiel,Agence,115.25,1,1425.29,0.0,1,0,5.0,0,2023-01-07,2023-11-19,0
CLT00197,55,En couple,Indépendant,Hauts-de-France,96,Assurance Habitation,Essentiel,Courtier,52.35,1,1919.01,0.0,3,0,5.0,1,2022-05-21,2022-10-26,0
CLT00198,29,Marié(e),Sans emploi,Île-de-France,156,Assurance Auto,Confort,Agence,96.69,1,2045.3,2.0,2,2,1.0,0,2022-05-15,2024-01-16,1
CLT00199,67,En couple,Retraité,Auvergne-Rhône-Alpes,48,Assurance Vie,Essentiel,Web,58.34,1,2051.84,0.0,2,0,4.0,1,2022-02-14,2023-04-10,1
CLT00200,31,Marié(e),Retraité,Hauts-de-France,72,Assurance Santé,Premium,Web,210.94,0,0.0,3.0,3,0,5.0,0,2022-08-28,2024-02-25,0
CLT00201,70,Marié(e),Sans emploi,Occitanie,48,Assurance Habitation,Confort,Téléphone,67.11,1,2002.93,1.0,1,0,5.0,0,2023-03-28,2023-11-19,0
CLT00202,23,En couple,Sans emploi,Auvergne-Rhône-Alpes,72,Assurance Santé,Confort,Téléphone,171.38,3,4974.45,1.0,1,0,2.0,1,2022-05-22,2023-02-02,1
CLT00203,46,Célibataire,Sans emploi,Bretagne,96,Assurance Auto,Premium,Téléphone,160.2,0,0.0,1.0,1,2,3.0,0,2022-05-08,2023-02-23,0
CLT00204,70,En couple,Retraité,Hauts-de-France,96,Assurance Auto,Essentiel,Courtier,95.79,1,1087.38,3.0,3,0,5.0,0,2022-04-04,2022-11-17,0
CLT00205,29,Célibataire,Retraité,Grand Est,168,Assurance Vie,Confort,Agence,92.82,1,2037.25,0.0,1,0,5.0,0,2023-05-30,2023-12-07,0
CLT00206,23,En couple,Salarié,Bretagne,156,Assurance Habitation,Confort,Agence,68.66,0,0.0,4.0,2,1,4.0,0,2022-11-23,2023-03-04,0
CLT00207,54,Marié(e),Retraité,Île-de-France,96,Assurance Santé,Essentiel,Web,127.7,0,0.0,0.0,1,0,5.0,0,2023-12-14,2024-01-18,0
CLT00208,63,Célibataire,Fonctionnaire,PACA,120,Assurance Vie,Confort,Agence,71.67,0,0.0,,0,0,3.0,1,2022-08-09,2023-01-09,0
CLT00209,46,Marié(e),Indépendant,PACA,120,Multirisque Pro,Premium,Téléphone,443.93,2,3843.88,1.0,3,0,5.0,0,2022-11-05,2023-03-09,0
CLT00210,33,Célibataire,Salarié,Hauts-de-France,12,Assurance Auto,Essentiel,Téléphone,68.31,1,2324.29,1.0,3,0,2.0,1,2023-05-27,2024-03-27,0
CLT00211,25,Marié(e),Retraité,Auvergne-Rhône-Alpes,156,Multirisque Pro,Essentiel,Web,215.04,1,808.19,,1,0,4.0,0,2022-01-02,2023-09-23,0
CLT00212,25,Célibataire,Sans emploi,Auvergne-Rhône-Alpes,144,Assurance Santé,Essentiel,Téléphone,135.36,0,0.0,1.0,3,1,4.0,0,2023-01-05,2023-03-15,0
CLT00213,73,Veuf/Veuve,Salarié,Grand Est,48,Multirisque Pro,Premium,Agence,347.39,0,0.0,1.0,2,1,3.0,0,2023-10-13,2024-04-28,1
CLT00214,43,Célibataire,Fonctionnaire,Bretagne,96,Assurance Santé,Confort,Agence,162.45,1,2181.51,2.0,3,0,4.0,0,2022-09-04,2024-06-08,0
CLT00215,54,Célibataire,Fonctionnaire,Auvergne-Rhône-Alpes,24,Assurance Auto,Premium,Courtier,156.8,0,0.0,2.0,2,2,5.0,0,2023-07-14,2024-01-03,0
CLT00216,25,En couple,Indépendant,Hauts-de-France,48,Assurance Habitation,Premium,Téléphone,101.25,0,0.0,1.0,1,1,4.0,1,2022-03-06,2024-03-08,1
CLT00217,73,Célibataire,Indépendant,Occitanie,156,Assurance Vie,Essentiel,Courtier,71.57,0,0.0,2.0,1,0,5.0,0,2022-02-12,2023-01-01,0
CLT00218,74,Marié(e),Salarié,Hauts-de-France,36,Assurance Santé,Premium,Téléphone,225.78,0,0.0,3.0,0,0,4.0,0,2023-10-25,2023-12-12,0
CLT00219,57,Marié(e),Salarié,Bretagne,72,Assurance Santé,Confort,Agence,179.91,0,0.0,3.0,2,1,4.0,0,2023-01-12,2024-04-03,0
CLT00220,65,Marié(e),Indépendant,Grand Est,144,Assurance Vie,Premium,Téléphone,118.75,3,4565.31,0.0,3,0,2.0,0,2023-05-24,2024-05-12,1
CLT00221,49,Veuf/Veuve,Salarié,PACA,168,Assurance Vie,Confort,Courtier,78.74,0,0.0,2.0,1,0,5.0,0,2023-03-17,2024-01-19,0
CLT00222,64,Célibataire,Salarié,Bretagne,48,Assurance Habitation,Premium,Courtier,96.02,1,1168.58,0.0,2,2,3.0,0,2022-12-02,2023-09-30,0
CLT00223,41,Veuf/Veuve,Fonctionnaire,Auvergne-Rhône-Alpes,96,Assurance Santé,Confort,Téléphone,175.74,3,1038.97,1.0,3,0,4.0,1,2023-04-03,2023-04-24,1
CLT00224,44,Célibataire,Salarié,Nouvelle-Aquitaine,120,Assurance Santé,Premium,Téléphone,220.06,0,0.0,0.0,0,0,4.0,0,2023-11-19,2024-04-30,0
CLT00225,25,En couple,Sans emploi,Île-de-France,120,Assurance Vie,Confort,Web,74.01,1,1726.3,5.0,0,1,5.0,0,2023-11-26,2024-06-13,0
CLT00226,38,En couple,Fonctionnaire,PACA,24,Assurance Vie,Essentiel,Web,52.72,0,0.0,1.0,0,0,,0,2023-01-06,2024-02-02,1
CLT00227,37,Marié(e),Fonctionnaire,Hauts-de-France,36,Multirisque Pro,Essentiel,Web,215.57,0,0.0,0.0,3,0,2.0,1,2023-03-31,2024-04-24,0
CLT00228,70,Veuf/Veuve,Fonctionnaire,Bretagne,84,Assurance Auto,Premium,Web,184.84,0,0.0,2.0,3,0,4.0,1,2023-10-28,2024-01-07,0
CLT00229,49,Veuf/Veuve,Sans emploi,Auvergne-Rhône-Alpes,168,Assurance Habitation,Essentiel,Agence,42.01,0,0.0,5.0,1,0,4.0,0,2023-02-01,2023-06-01,0
CLT00230,65,Marié(e),Retraité,Occitanie,12,Assurance Santé,Confort,Téléphone,165.77,1,1241.41,1.0,2,1,4.0,1,2022-07-24,2022-11-26,1
CLT00231,31,Veuf/Veuve,Salarié,Auvergne-Rhône-Alpes,96,Assurance Habitation,Essentiel,Téléphone,42.77,1,1817.26,1.0,2,0,4.0,1,2023-11-30,2024-02-19,0
CLT00232,41,Marié(e),Indépendant,Nouvelle-Aquitaine,72,Assurance Santé,Premium,Agence,270.63,0,0.0,3.0,2,0,5.0,0,2023-12-30,2024-06-28,0
CLT00233,29,En couple,Indépendant,PACA,60,Assurance Habitation,Confort,Web,69.7,2,2153.71,2.0,1,2,2.0,0,2022-08-31,2024-01-18,1
CLT00234,37,En couple,Sans emploi,Hauts-de-France,12,Assurance Auto,Confort,Courtier,111.58,4,8280.7,1.0,3,3,5.0,0,2022-03-30,2022-06-05,1
CLT00235,26,Veuf/Veuve,Sans emploi,Grand Est,108,Assurance Santé,Confort,Téléphone,148.27,0,0.0,2.0,1,1,2.0,0,2022-03-17,2022-07-23,0
CLT00236,73,Veuf/Veuve,Sans emploi,Hauts-de-France,72,Assurance Santé,Premium,Agence,249.43,1,1080.18,1.0,2,0,4.0,0,2022-12-19,2023-04-29,0
CLT00237,33,Veuf/Veuve,Sans emploi,Auvergne-Rhône-Alpes,144,Multirisque Pro,Premium,Web,413.56,0,0.0,0.0,1,0,2.0,0,2022-02-26,2024-06-26,1
CLT00238,68,En couple,Indépendant,Nouvelle-Aquitaine,24,Assurance Auto,Premium,Web,177.93,1,1938.6,0.0,0,1,5.0,0,2022-11-27,2023-07-15,1
CLT00239,37,Marié(e),Indépendant,PACA,24,Assurance Santé,Premium,Courtier,231.31,1,395.0,0.0,0,3,4.0,0,2023-10-13,2024-03-01,1
CLT00240,24,En couple,Sans emploi,PACA,48,Assurance Habitation,Premium,Courtier,103.79,0,0.0,0.0,0,0,1.0,0,2023-08-18,2023-11-04,0
CLT00241,33,Célibataire,Salarié,Île-de-France,12,Assurance Habitation,Premium,Courtier,100.63,1,2061.96,0.0,0,0,5.0,0,2022-02-16,2023-12-04,0
CLT00242,67,Célibataire,Retraité,Grand Est,72,Multirisque Pro,Confort,Web,260.22,0,0.0,0.0,2,0,5.0,0,2023-10-05,2024-03-01,1
CLT00243,45,Marié(e),Retraité,Grand Est,168,Assurance Santé,Confort,Web,196.78,0,0.0,3.0,2,1,5.0,0,2022-03-16,2024-02-19,0
CLT00244,66,Veuf/Veuve,Retraité,Grand Est,84,Assurance Auto,Essentiel,Téléphone,85.4,1,1959.07,1.0,2,0,5.0,0,2022-07-28,2023-07-11,0
CLT00245,61,Marié(e),Retraité,Bretagne,12,Multirisque Pro,Essentiel,Courtier,186.93,0,0.0,1.0,0,0,5.0,0,2022-05-14,2024-06-30,0
CLT00246,62,En couple,Retraité,Bretagne,48,Assurance Santé,Premium,Agence,209.42,2,5312.67,0.0,1,0,5.0,0,2022-05-06,2023-02-03,0
CLT00247,70,Célibataire,Fonctionnaire,PACA,168,Assurance Vie,Essentiel,Web,60.01,0,0.0,2.0,0,0,4.0,1,2023-01-29,2024-04-01,0
CLT00248,54,En couple,Indépendant,Bretagne,60,Assurance Habitation,Essentiel,Courtier,39.73,2,4147.52,2.0,3,0,5.0,0,2023-05-26,2024-02-13,1
CLT00249,33,Célibataire,Salarié,Hauts-de-France,168,Assurance Vie,Confort,Courtier,94.15,1,2699.07,1.0,3,0,5.0,0,2023-02-07,2023-10-23,0
CLT00250,28,Célibataire,Salarié,Bretagne,144,Assurance Vie,Essentiel,Web,53.19,0,0.0,1.0,1,0,3.0,0,2022-10-16,2024-03-05,0
CLT00251,29,Célibataire,Salarié,Nouvelle-Aquitaine,84,Multirisque Pro,Premium,Téléphone,396.98,2,416.36,,1,0,1.0,0,2023-03-18,2023-05-25,0
CLT00252,50,Marié(e),Salarié,Grand Est,156,Assurance Santé,Premium,Courtier,244.49,0,0.0,1.0,0,0,4.0,0,2023-02-15,2023-03-13,0
CLT00253,70,Marié(e),Salarié,Bretagne,168,Multirisque Pro,Premium,Web,456.66,2,1995.48,1.0,0,0,4.0,0,2023-01-31,2024-06-30,0
CLT00254,30,En couple,Salarié,PACA,96,Assurance Vie,Premium,Courtier,105.66,1,518.75,0.0,2,0,4.0,0,2023-02-08,2023-08-18,1
CLT00255,32,En couple,Sans emploi,Auvergne-Rhône-Alpes,156,Assurance Santé,Premium,Courtier,282.07,0,0.0,0.0,2,2,4.0,0,2023-06-06,2023-12-28,0
CLT00256,69,En couple,Fonctionnaire,Île-de-France,12,Multirisque Pro,Essentiel,Agence,227.67,3,7498.07,0.0,2,1,1.0,1,2023-05-01,2024-01-21,1
CLT00257,41,Marié(e),Indépendant,Bretagne,24,Assurance Vie,Essentiel,Web,56.39,1,2440.99,1.0,0,0,2.0,0,2023-02-07,2024-06-28,1
CLT00258,72,Veuf/Veuve,Sans emploi,Bretagne,108,Multirisque Pro,Premium,Courtier,471.84,1,2100.28,0.0,2,0,4.0,0,2022-11-03,2024-03-03,0
CLT00259,60,Veuf/Veuve,Sans emploi,PACA,144,Assurance Auto,Confort,Courtier,101.94,1,2274.75,1.0,2,0,4.0,0,2022-11-12,2022-12-09,0
CLT00260,56,Célibataire,Sans emploi,Occitanie,132,Multirisque Pro,Confort,Courtier,285.63,1,322.47,0.0,0,0,3.0,0,2023-05-07,2023-08-02,1
CLT00261,42,En couple,Salarié,Auvergne-Rhône-Alpes,72,Multirisque Pro,Premium,Téléphone,459.26,0,0.0,0.0,0,1,3.0,0,2023-08-10,2023-10-05,0
CLT00262,24,Veuf/Veuve,Indépendant,Bretagne,36,Assurance Habitation,Essentiel,Téléphone,51.76,2,2813.52,0.0,3,0,1.0,0,2023-02-27,2024-02-15,1
CLT00263,45,En couple,Sans emploi,Île-de-France,84,Assurance Habitation,Confort,Téléphone,64.83,0,0.0,1.0,0,0,5.0,0,2022-08-01,2024-02-26,1
CLT00264,39,Marié(e),Indépendant,Grand Est,144,Assurance Santé,Premium,Téléphone,204.56,0,0.0,2.0,2,0,3.0,0,2023-04-16,2024-01-13,0
CLT00265,73,Veuf/Veuve,Indépendant,Nouvelle-Aquitaine,96,Assurance Santé,Premium,Courtier,287.0,0,0.0,1.0,0,0,5.0,1,2022-09-10,2023-06-22,0
CLT00266,66,Marié(e),Indépendant,Nouvelle-Aquitaine,48,Multirisque Pro,Confort,Web,247.73,0,0.0,3.0,2,0,3.0,0,2023-12-08,2024-06-05,0
CLT00267,51,Marié(e),Fonctionnaire,Bretagne,120,Assurance Vie,Confort,Téléphone,97.86,0,0.0,4.0,0,0,4.0,1,2022-05-05,2023-12-13,0
CLT00268,50,En couple,Fonctionnaire,Bretagne,156,Multirisque Pro,Confort,Téléphone,297.47,0,0.0,0.0,3,0,3.0,0,2022-02-13,2022-12-04,0
CLT00269,55,Veuf/Veuve,Indépendant,Nouvelle-Aquitaine,156,Assurance Auto,Confort,Téléphone,125.07,2,2866.47,0.0,3,0,4.0,0,2022-07-26,2024-01-28,0
CLT00270,42,Célibataire,Sans emploi,Auvergne-Rhône-Alpes,144,Assurance Santé,Premium,Courtier,273.78,0,0.0,0.0,2,0,,0,2023-08-24,2023-12-24,0
CLT00271,72,Célibataire,Salarié,Occitanie,156,Assurance Habitation,Essentiel,Web,53.9,2,3891.07,1.0,1,1,4.0,0,2023-02-28,2023-08-16,0
CLT00272,58,En couple,Retraité,Île-de-France,48,Assurance Vie,Essentiel,Web,70.05,0,0.0,1.0,1,0,4.0,1,2023-10-31,2024-06-26,1
CLT00273,32,Marié(e),Fonctionnaire,Nouvelle-Aquitaine,84,Assurance Vie,Confort,Web,75.07,1,972.15,3.0,3,2,5.0,0,2023-10-24,2023-11-08,1
CLT00274,73,En couple,Retraité,Île-de-France,72,Assurance Auto,Premium,Web,168.97,0,0.0,0.0,0,0,4.0,0,2022-06-30,2022-08-06,0
CLT00275,72,Célibataire,Salarié,Nouvelle-Aquitaine,24,Assurance Vie,Confort,Web,92.74,2,2953.48,1.0,2,0,5.0,1,2022-11-02,2024-06-05,1
CLT00276,30,Veuf/Veuve,Sans emploi,Nouvelle-Aquitaine,96,Multirisque Pro,Essentiel,Courtier,229.78,0,0.0,2.0,3,0,3.0,0,2023-06-21,2024-02-28,1
CLT00277,68,En couple,Salarié,Nouvelle-Aquitaine,168,Assurance Habitation,Premium,Téléphone,83.45,1,2335.27,3.0,1,0,4.0,0,2022-12-05,2023-05-20,0
CLT00278,37,Célibataire,Fonctionnaire,Auvergne-Rhône-Alpes,144,Assurance Vie,Premium,Courtier,135.79,0,0.0,0.0,0,3,5.0,0,2022-10-30,2024-06-02,0
CLT00279,61,Marié(e),Salarié,Grand Est,84,Assurance Habitation,Essentiel,Téléphone,38.29,0,0.0,0.0,0,0,4.0,0,2023-02-15,2024-01-23,0
CLT00280,30,Marié(e),Indépendant,Hauts-de-France,12,Assurance Auto,Essentiel,Web,91.69,1,448.09,1.0,1,0,3.0,0,2022-01-07,2022-10-01,1
CLT00281,29,Marié(e),Fonctionnaire,Nouvelle-Aquitaine,36,Assurance Vie,Essentiel,Téléphone,64.27,1,2153.72,0.0,2,0,4.0,0,2023-08-20,2024-06-08,0
CLT00282,63,Célibataire,Salarié,Occitanie,144,Assurance Auto,Confort,Courtier,122.92,0,0.0,0.0,0,0,4.0,1,2023-04-22,2023-09-26,0
CLT00283,44,Marié(e),Fonctionnaire,PACA,168,Assurance Habitation,Confort,Courtier,56.91,0,0.0,0.0,2,0,4.0,0,2023-09-22,2024-01-13,0
CLT00284,42,Veuf/Veuve,Sans emploi,Auvergne-Rhône-Alpes,36,Assurance Habitation,Essentiel,Téléphone,43.89,1,544.18,3.0,2,0,5.0,1,2023-01-18,2024-03-18,0
CLT00285,41,Célibataire,Sans emploi,Occitanie,24,Multirisque Pro,Confort,Web,261.71,1,2503.1,,1,0,4.0,1,2023-04-03,2023-12-29,0
CLT00286,33,En couple,Sans emploi,Île-de-France,84,Assurance Santé,Essentiel,Agence,108.66,2,5013.16,2.0,0,0,4.0,0,2023-07-04,2023-09-18,0
CLT00287,47,En couple,Sans emploi,PACA,24,Assurance Habitation,Confort,Téléphone,59.64,1,375.53,2.0,0,2,3.0,0,2023-05-16,2023-07-01,0
CLT00288,22,En couple,Sans emploi,Hauts-de-France,132,Multirisque Pro,Confort,Agence,264.5,2,2154.75,,2,0,5.0,0,2023-03-02,2023-10-21,0
CLT00289,72,Célibataire,Retraité,Nouvelle-Aquitaine,60,Multirisque Pro,Essentiel,Téléphone,178.12,0,0.0,,3,1,4.0,0,2022-09-18,2022-09-21,0
CLT00290,42,Veuf/Veuve,Fonctionnaire,Île-de-France,132,Assurance Habitation,Premium,Agence,97.49,3,6992.72,4.0,2,0,5.0,0,2023-12-19,2024-01-04,0
CLT00291,58,Célibataire,Fonctionnaire,Hauts-de-France,120,Multirisque Pro,Essentiel,Agence,177.34,0,0.0,0.0,3,0,4.0,0,2023-02-23,2023-05-26,0
CLT00292,65,Veuf/Veuve,Retraité,Bretagne,108,Assurance Habitation,Premium,Téléphone,78.15,1,1366.21,2.0,2,0,4.0,1,2023-01-22,2024-02-10,0
CLT00293,43,Célibataire,Indépendant,Bretagne,12,Assurance Auto,Premium,Web,180.59,1,300.63,0.0,3,1,4.0,0,2023-07-05,2024-01-22,0
CLT00294,42,Célibataire,Fonctionnaire,Île-de-France,144,Multirisque Pro,Essentiel,Web,219.92,0,0.0,3.0,3,0,1.0,1,2023-04-20,2024-03-29,0
CLT00295,74,En couple,Retraité,Occitanie,144,Multirisque Pro,Confort,Téléphone,247.79,1,877.29,3.0,1,0,1.0,0,2022-12-21,2023-05-28,0
CLT00296,68,Veuf/Veuve,Sans emploi,Île-de-France,72,Assurance Santé,Essentiel,Agence,124.3,1,227.79,1.0,3,0,1.0,0,2022-01-17,2022-09-20,0
CLT00297,37,Veuf/Veuve,Sans emploi,Île-de-France,12,Assurance Habitation,Essentiel,Agence,46.46,4,2206.16,0.0,2,0,4.0,0,2023-11-20,2024-05-18,0
CLT00298,53,Veuf/Veuve,Indépendant,Grand Est,60,Assurance Auto,Essentiel,Agence,77.57,1,825.14,1.0,3,0,1.0,0,2023-07-07,2023-10-26,0
CLT00299,68,Marié(e),Sans emploi,Occitanie,36,Assurance Auto,Essentiel,Courtier,68.66,2,4785.91,2.0,3,0,3.0,1,2023-09-05,2024-02-16,0
CLT00300,50,Veuf/Veuve,Fonctionnaire,Occitanie,24,Assurance Habitation,Confort,Web,66.85,0,0.0,0.0,3,2,2.0,1,2022-10-09,2022-12-10,1
CLT00301,53,Veuf/Veuve,Salarié,Grand Est,48,Multirisque Pro,Premium,Web,416.23,3,1235.08,0.0,2,0,4.0,1,2022-12-19,2024-01-13,0
CLT00302,66,En couple,Fonctionnaire,Grand Est,36,Multirisque Pro,Confort,Téléphone,252.4,2,3961.35,0.0,3,1,4.0,1,2023-01-21,2023-07-28,0
CLT00303,68,Marié(e),Indépendant,Occitanie,108,Multirisque Pro,Confort,Web,305.62,1,2805.7,1.0,0,0,4.0,1,2023-04-20,2023-05-19,0
CLT00304,36,Veuf/Veuve,Indépendant,Auvergne-Rhône-Alpes,156,Multirisque Pro,Confort,Téléphone,331.01,3,5815.63,3.0,1,0,4.0,0,2022-09-19,2023-04-15,1
CLT00305,51,Marié(e),Salarié,Hauts-de-France,72,Assurance Santé,Premium,Agence,241.43,0,0.0,0.0,0,3,2.0,0,2023-07-03,2023-10-08,1
CLT00306,65,Célibataire,Indépendant,Île-de-France,72,Assurance Auto,Confort,Téléphone,99.47,1,1595.06,1.0,2,0,5.0,0,2023-08-25,2024-06-06,0
CLT00307,40,Marié(e),Salarié,Bretagne,84,Assurance Habitation,Confort,Web,55.16,1,2947.3,0.0,2,0,4.0,0,2022-08-05,2023-02-15,0
CLT00308,37,En couple,Retraité,Occitanie,24,Assurance Auto,Premium,Téléphone,190.15,0,0.0,3.0,1,0,4.0,0,2022-09-03,2024-03-21,0
CLT00309,41,Marié(e),Fonctionnaire,Hauts-de-France,96,Assurance Santé,Confort,Téléphone,187.7,2,3777.16,2.0,3,2,4.0,0,2022-09-25,2023-09-28,0
CLT00310,45,Veuf/Veuve,Fonctionnaire,PACA,120,Multirisque Pro,Confort,Téléphone,269.52,2,4481.62,0.0,0,0,3.0,1,2022-07-28,2023-08-11,1
CLT00311,57,En couple,Salarié,Occitanie,108,Assurance Santé,Confort,Agence,151.84,4,11494.29,1.0,0,0,5.0,0,2022-09-25,2024-04-13,0
CLT00312,56,En couple,Indépendant,Nouvelle-Aquitaine,36,Multirisque Pro,Premium,Téléphone,473.13,1,1199.94,2.0,3,0,4.0,0,2022-12-04,2023-07-27,0
CLT00313,22,Marié(e),Fonctionnaire,Hauts-de-France,120,Assurance Vie,Premium,Web,138.85,4,1108.21,2.0,0,0,1.0,0,2023-05-16,2024-05-20,0
CLT00314,66,En couple,Indépendant,Bretagne,108,Assurance Vie,Confort,Web,99.34,1,1422.52,1.0,2,1,3.0,0,2023-07-14,2024-03-20,0
CLT00315,28,Célibataire,Salarié,Île-de-France,120,Assurance Habitation,Premium,Agence,104.62,0,0.0,2.0,1,0,,0,2022-01-07,2023-03-05,0
CLT00316,69,En couple,Salarié,PACA,36,Assurance Habitation,Premium,Web,95.2,0,0.0,1.0,2,2,2.0,0,2022-08-12,2024-01-11,1
CLT00317,45,Veuf/Veuve,Salarié,Hauts-de-France,132,Assurance Vie,Confort,Agence,95.97,0,0.0,1.0,3,1,4.0,0,2022-01-07,2023-07-05,0
CLT00318,74,Marié(e),Sans emploi,Île-de-France,96,Multirisque Pro,Confort,Agence,266.42,3,3891.32,1.0,0,0,1.0,0,2022-10-21,2022-11-07,1
CLT00319,31,Célibataire,Salarié,Auvergne-Rhône-Alpes,96,Multirisque Pro,Premium,Téléphone,371.66,0,0.0,0.0,2,0,5.0,0,2023-06-21,2023-09-05,0
CLT00320,72,Marié(e),Retraité,Bretagne,48,Assurance Habitation,Essentiel,Courtier,49.93,2,2766.72,0.0,1,0,5.0,0,2022-03-22,2023-04-08,0
CLT00321,69,Marié(e),Salarié,Occitanie,132,Assurance Vie,Confort,Web,100.79,0,0.0,0.0,1,0,4.0,0,2023-11-01,2024-06-07,1
CLT00322,52,Veuf/Veuve,Sans emploi,Grand Est,120,Assurance Auto,Essentiel,Téléphone,87.86,0,0.0,2.0,0,0,3.0,0,2023-05-03,2023-05-31,0
CLT00323,69,Veuf/Veuve,Retraité,PACA,48,Assurance Auto,Premium,Web,171.4,0,0.0,1.0,0,0,4.0,0,2023-10-23,2024-05-10,0
CLT00324,45,En couple,Indépendant,Île-de-France,24,Assurance Santé,Premium,Agence,262.57,1,1492.81,3.0,2,1,2.0,0,2023-12-10,2024-05-03,1
CLT00325,62,Marié(e),Sans emploi,PACA,156,Assurance Vie,Confort,Agence,75.58,0,0.0,1.0,0,1,5.0,0,2023-08-01,2023-08-17,0
CLT00326,22,En couple,Retraité,Occitanie,12,Assurance Habitation,Confort,Agence,61.94,0,0.0,2.0,3,0,5.0,0,2022-03-20,2023-01-20,1
CLT00327,35,Marié(e),Retraité,Grand Est,120,Assurance Habitation,Premium,Web,95.9,2,946.08,1.0,0,0,5.0,1,2022-05-24,2024-04-28,1
CLT00328,22,Célibataire,Retraité,Île-de-France,60,Assurance Auto,Premium,Courtier,176.23,2,1403.83,2.0,2,0,5.0,1,2022-08-26,2022-11-11,0
CLT00329,52,Célibataire,Fonctionnaire,Bretagne,48,Assurance Santé,Premium,Téléphone,256.5,0,0.0,2.0,0,0,5.0,0,2023-04-07,2023-12-14,0
CLT00330,37,En couple,Sans emploi,Grand Est,84,Assurance Habitation,Confort,Téléphone,73.53,0,0.0,1.0,3,0,3.0,0,2023-11-08,2024-02-13,1
CLT00331,33,Célibataire,Salarié,Occitanie,12,Assurance Auto,Premium,Courtier,188.36,0,0.0,3.0,0,1,2.0,0,2022-10-02,2023-03-08,1
CLT00332,40,Marié(e),Fonctionnaire,Grand Est,72,Assurance Vie,Premium,Web,115.96,0,0.0,0.0,3,1,5.0,0,2022-04-20,2022-07-22,1
CLT00333,44,Marié(e),Salarié,Bretagne,36,Assurance Auto,Confort,Téléphone,125.98,1,2973.01,0.0,2,3,4.0,0,2022-05-16,2022-08-13,0
CLT00334,38,Célibataire,Salarié,Grand Est,24,Assurance Habitation,Confort,Téléphone,74.95,0,0.0,1.0,0,0,3.0,0,2022-04-02,2023-03-30,0
CLT00335,28,Célibataire,Fonctionnaire,Grand Est,132,Multirisque Pro,Essentiel,Courtier,212.38,0,0.0,2.0,1,0,3.0,1,2023-02-28,2023-09-14,0
CLT00336,60,Veuf/Veuve,Indépendant,Auvergne-Rhône-Alpes,132,Assurance Auto,Premium,Web,140.23,3,3097.24,0.0,3,0,4.0,0,2022-05-23,2023-02-22,0
CLT00337,43,Célibataire,Indépendant,Auvergne-Rhône-Alpes,36,Assurance Santé,Confort,Téléphone,164.75,1,1461.92,1.0,1,0,3.0,0,2023-03-22,2023-08-10,0
CLT00338,22,Marié(e),Fonctionnaire,PACA,36,Assurance Vie,Confort,Téléphone,74.51,0,0.0,4.0,1,0,5.0,0,2022-09-10,2024-06-11,0
CLT00339,51,Célibataire,Indépendant,Hauts-de-France,108,Assurance Vie,Premium,Web,104.12,1,1279.72,4.0,0,2,4.0,0,2022-11-08,2022-11-14,0
CLT00340,63,Veuf/Veuve,Fonctionnaire,Bretagne,72,Assurance Vie,Confort,Téléphone,100.12,0,0.0,0.0,1,2,3.0,0,2023-03-17,2024-05-07,0
CLT00341,68,En couple,Retraité,Bretagne,48,Multirisque Pro,Essentiel,Courtier,200.41,1,225.35,1.0,0,0,4.0,0,2022-11-18,2023-05-18,0
CLT00342,60,En couple,Fonctionnaire,Hauts-de-France,12,Assurance Vie,Confort,Courtier,95.46,0,0.0,3.0,3,0,3.0,0,2023-01-21,2023-11-04,1
CLT00343,61,En couple,Sans emploi,Occitanie,132,Assurance Vie,Confort,Agence,84.89,1,1898.85,1.0,1,0,4.0,1,2022-01-28,2024-02-11,0
CLT00344,57,Marié(e),Salarié,Hauts-de-France,132,Assurance Vie,Premium,Web,113.9,1,1312.85,1.0,2,0,4.0,0,2023-02-23,2024-02-02,0
CLT00345,30,Marié(e),Indépendant,Occitanie,156,Assurance Vie,Essentiel,Courtier,63.27,0,0.0,0.0,3,1,5.0,0,2023-03-10,2024-04-17,0
CLT00346,23,Veuf/Veuve,Sans emploi,Hauts-de-France,156,Assurance Vie,Essentiel,Téléphone,69.35,1,2534.2,1.0,1,2,4.0,0,2023-06-03,2024-05-22,0
CLT00347,43,Célibataire,Salarié,Bretagne,132,Assurance Vie,Premium,Agence,127.15,0,0.0,1.0,2,0,2.0,1,2022-09-12,2023-09-10,1
CLT00348,24,Marié(e),Retraité,Grand Est,168,Assurance Habitation,Premium,Agence,76.86,0,0.0,3.0,0,0,,0,2022-04-19,2022-04-29,0
CLT00349,28,Veuf/Veuve,Fonctionnaire,Occitanie,36,Assurance Auto,Confort,Web,127.11,1,509.21,0.0,3,0,5.0,0,2023-02-05,2024-05-24,0
CLT00350,73,Célibataire,Retraité,Bretagne,96,Multirisque Pro,Premium,Web,450.5,0,0.0,3.0,3,0,5.0,0,2022-04-18,2023-02-14,0
CLT00351,37,Marié(e),Fonctionnaire,Auvergne-Rhône-Alpes,12,Assurance Vie,Essentiel,Agence,57.69,2,834.79,2.0,2,1,3.0,0,2022-12-18,2024-03-28,0
CLT00352,44,Veuf/Veuve,Salarié,Bretagne,36,Assurance Habitation,Premium,Téléphone,89.56,0,0.0,0.0,2,0,4.0,0,2023-03-25,2024-03-28,0
CLT00353,44,Célibataire,Salarié,Nouvelle-Aquitaine,156,Assurance Vie,Confort,Agence,76.26,0,0.0,2.0,1,0,5.0,0,2022-01-24,2024-06-11,0
CLT00354,64,En couple,Sans emploi,Auvergne-Rhône-Alpes,120,Assurance Santé,Premium,Agence,278.06,0,0.0,1.0,2,0,3.0,0,2022-06-28,2024-01-14,0
CLT00355,68,En couple,Retraité,Hauts-de-France,72,Assurance Habitation,Confort,Téléphone,59.45,0,0.0,2.0,3,0,4.0,0,2023-10-07,2024-01-09,0
CLT00356,40,Célibataire,Sans emploi,Grand Est,36,Assurance Habitation,Premium,Téléphone,98.44,1,680.74,1.0,2,0,4.0,0,2022-07-22,2023-10-25,0
CLT00357,69,En couple,Indépendant,Île-de-France,12,Multirisque Pro,Confort,Téléphone,286.58,3,4288.4,5.0,0,0,3.0,1,2022-10-13,2022-12-16,1
CLT00358,70,Marié(e),Indépendant,Bretagne,84,Multirisque Pro,Essentiel,Web,199.35,0,0.0,2.0,0,0,4.0,1,2023-04-14,2023-06-11,1
CLT00359,47,Veuf/Veuve,Sans emploi,Bretagne,144,Assurance Santé,Premium,Téléphone,278.05,1,2152.37,2.0,0,1,5.0,0,2023-02-06,2023-12-03,0
CLT00360,62,En couple,Fonctionnaire,Hauts-de-France,84,Assurance Auto,Confort,Courtier,112.89,0,0.0,3.0,0,0,4.0,0,2023-09-22,2023-11-04,0
CLT00361,39,Marié(e),Salarié,Occitanie,36,Assurance Habitation,Confort,Agence,59.74,0,0.0,0.0,1,0,4.0,1,2022-07-07,2023-07-24,1
CLT00362,70,En couple,Sans emploi,Grand Est,156,Assurance Habitation,Premium,Téléphone,90.69,0,0.0,5.0,3,0,5.0,0,2023-01-28,2024-04-05,0
CLT00363,35,Veuf/Veuve,Fonctionnaire,Auvergne-Rhône-Alpes,96,Assurance Habitation,Confort,Web,55.07,0,0.0,1.0,3,0,1.0,1,2022-05-24,2022-12-01,1
CLT00364,23,Célibataire,Retraité,Bretagne,168,Assurance Santé,Confort,Agence,192.33,0,0.0,1.0,1,0,5.0,0,2022-05-20,2022-12-05,0
CLT00365,58,Veuf/Veuve,Retraité,Grand Est,156,Assurance Vie,Premium,Téléphone,116.71,1,2323.81,0.0,2,1,4.0,0,2023-12-29,2024-04-20,0
CLT00366,49,En couple,Fonctionnaire,Île-de-France,72,Assurance Vie,Essentiel,Agence,66.75,2,4648.81,1.0,3,1,5.0,0,2022-02-03,2022-11-11,0
CLT00367,33,Veuf/Veuve,Sans emploi,Auvergne-Rhône-Alpes,120,Assurance Habitation,Premium,Courtier,89.57,1,1281.39,1.0,0,0,3.0,0,2023-05-23,2024-02-28,0
CLT00368,65,Marié(e),Sans emploi,Nouvelle-Aquitaine,132,Multirisque Pro,Essentiel,Agence,183.15,0,0.0,1.0,3,0,4.0,1,2022-02-12,2024-03-31,0
CLT00369,59,Célibataire,Indépendant,Grand Est,108,Assurance Vie,Premium,Web,113.09,3,5945.54,0.0,0,0,5.0,0,2022-11-01,2022-12-04,0
CLT00370,28,Veuf/Veuve,Salarié,PACA,72,Assurance Vie,Confort,Courtier,73.26,1,2500.61,1.0,2,0,3.0,0,2022-08-31,2023-04-02,0
CLT00371,49,En couple,Sans emploi,Grand Est,96,Multirisque Pro,Premium,Courtier,344.36,0,0.0,0.0,0,1,5.0,0,2022-05-23,2022-12-20,0
CLT00372,69,En couple,Fonctionnaire,Nouvelle-Aquitaine,72,Assurance Habitation,Essentiel,Courtier,45.01,0,0.0,1.0,2,3,5.0,1,2023-12-22,2024-03-05,0
CLT00373,32,En couple,Retraité,PACA,12,Assurance Santé,Premium,Courtier,252.44,0,0.0,0.0,3,2,5.0,0,2022-03-02,2022-12-10,0
CLT00374,24,En couple,Fonctionnaire,Occitanie,156,Assurance Habitation,Premium,Web,91.17,1,1051.28,0.0,2,0,1.0,0,2022-09-11,2023-10-18,0
CLT00375,69,Veuf/Veuve,Retraité,Grand Est,60,Assurance Vie,Essentiel,Courtier,55.87,0,0.0,2.0,1,0,4.0,0,2022-03-19,2023-12-27,0
CLT00376,56,Veuf/Veuve,Retraité,Bretagne,36,Assurance Auto,Confort,Courtier,119.68,2,3686.84,1.0,0,1,4.0,0,2022-12-02,2022-12-04,0
CLT00377,46,Célibataire,Sans emploi,Bretagne,48,Assurance Auto,Premium,Téléphone,167.89,2,2523.11,0.0,3,0,4.0,1,2023-02-12,2023-06-03,0
CLT00378,25,Marié(e),Fonctionnaire,Nouvelle-Aquitaine,72,Assurance Vie,Essentiel,Téléphone,67.89,1,1860.84,0.0,2,0,5.0,1,2022-12-12,2024-06-24,1
CLT00379,32,Célibataire,Salarié,Bretagne,60,Multirisque Pro,Essentiel,Téléphone,214.22,0,0.0,1.0,0,0,4.0,0,2022-04-12,2024-01-13,0
CLT00380,25,Veuf/Veuve,Retraité,Auvergne-Rhône-Alpes,12,Assurance Vie,Essentiel,Agence,54.77,1,1474.48,1.0,0,0,5.0,0,2022-01-01,2023-03-15,1
CLT00381,64,En couple,Fonctionnaire,Nouvelle-Aquitaine,144,Assurance Habitation,Premium,Web,90.83,1,2748.6,1.0,1,0,4.0,0,2022-04-06,2024-02-05,0
CLT00382,57,En couple,Salarié,Bretagne,72,Assurance Santé,Confort,Agence,177.09,1,1193.79,0.0,3,0,,1,2023-02-10,2023-12-27,0
CLT00383,37,Célibataire,Salarié,Grand Est,168,Assurance Santé,Premium,Web,259.36,0,0.0,3.0,2,0,4.0,0,2022-01-02,2022-08-08,0
CLT00384,30,Veuf/Veuve,Salarié,Occitanie,36,Assurance Vie,Essentiel,Web,55.21,0,0.0,1.0,2,0,5.0,1,2022-01-09,2023-12-22,1
CLT00385,41,Veuf/Veuve,Salarié,Auvergne-Rhône-Alpes,144,Assurance Santé,Essentiel,Téléphone,104.81,4,9950.11,3.0,1,0,3.0,0,2022-08-23,2023-09-19,0
CLT00386,55,Marié(e),Fonctionnaire,PACA,132,Assurance Auto,Premium,Agence,162.27,0,0.0,0.0,3,0,4.0,1,2022-11-03,2023-03-23,1
CLT00387,29,Célibataire,Sans emploi,PACA,96,Assurance Vie,Essentiel,Web,51.18,0,0.0,0.0,3,0,,0,2023-10-28,2023-12-09,0
CLT00388,70,Veuf/Veuve,Sans emploi,Auvergne-Rhône-Alpes,48,Assurance Vie,Confort,Web,91.22,0,0.0,0.0,1,1,5.0,0,2023-12-05,2024-03-27,0
CLT00389,44,Célibataire,Sans emploi,Auvergne-Rhône-Alpes,72,Assurance Habitation,Essentiel,Agence,45.88,0,0.0,1.0,3,0,3.0,0,2023-01-29,2024-01-23,0
CLT00390,45,Marié(e),Salarié,Occitanie,36,Assurance Vie,Confort,Web,71.49,0,0.0,3.0,0,0,4.0,1,2022-09-12,2024-03-31,1
CLT00391,55,Marié(e),Indépendant,Île-de-France,108,Multirisque Pro,Premium,Courtier,366.7,0,0.0,1.0,3,1,5.0,0,2023-06-15,2024-04-20,0
CLT00392,60,Célibataire,Indépendant,Nouvelle-Aquitaine,156,Multirisque Pro,Essentiel,Téléphone,239.26,2,2480.22,0.0,1,0,4.0,0,2023-05-22,2023-12-05,0
CLT00393,28,Célibataire,Fonctionnaire,PACA,108,Assurance Auto,Essentiel,Téléphone,92.07,0,0.0,0.0,3,0,4.0,1,2022-11-21,2023-04-05,0
CLT00394,70,En couple,Retraité,Bretagne,60,Assurance Vie,Premium,Téléphone,123.43,1,1636.11,3.0,1,0,3.0,0,2022-03-16,2022-04-02,0
CLT00395,59,En couple,Salarié,Nouvelle-Aquitaine,72,Multirisque Pro,Essentiel,Agence,229.83,0,0.0,3.0,2,1,3.0,0,2022-03-03,2024-05-19,0
CLT00396,29,Veuf/Veuve,Retraité,Grand Est,84,Assurance Vie,Premium,Courtier,125.99,0,0.0,0.0,2,2,5.0,0,2022-03-26,2024-01-10,0
CLT00397,50,Célibataire,Fonctionnaire,Nouvelle-Aquitaine,60,Multirisque Pro,Premium,Web,364.52,1,817.41,,1,0,4.0,0,2022-03-22,2023-08-27,0
CLT00398,63,Célibataire,Fonctionnaire,Grand Est,24,Assurance Habitation,Essentiel,Courtier,39.09,0,0.0,0.0,3,0,,0,2023-12-17,2024-04-06,0
CLT00399,71,Veuf/Veuve,Salarié,PACA,132,Assurance Habitation,Essentiel,Web,38.88,0,0.0,0.0,1,0,5.0,0,2023-04-10,2024-02-17,0
CLT00400,37,Célibataire,Salarié,Auvergne-Rhône-Alpes,84,Multirisque Pro,Essentiel,Courtier,204.11,0,0.0,1.0,2,0,5.0,0,2023-12-26,2024-01-30,0
CLT00401,64,Marié(e),Indépendant,Bretagne,60,Assurance Auto,Essentiel,Téléphone,89.36,0,0.0,1.0,2,2,4.0,0,2023-01-16,2023-05-25,0
CLT00402,44,Marié(e),Retraité,Île-de-France,48,Assurance Santé,Premium,Agence,227.39,2,5598.95,5.0,3,0,1.0,0,2022-10-06,2024-03-25,1
CLT00403,54,Veuf/Veuve,Sans emploi,Hauts-de-France,156,Assurance Auto,Confort,Agence,99.57,1,986.94,0.0,0,0,4.0,0,2023-01-04,2023-03-01,0
CLT00404,52,En couple,Fonctionnaire,Bretagne,12,Assurance Vie,Premium,Web,110.85,1,2598.18,2.0,3,0,,0,2022-04-16,2023-11-24,0
CLT00405,29,Célibataire,Indépendant,Île-de-France,108,Assurance Auto,Essentiel,Agence,75.92,0,0.0,0.0,0,0,,1,2022-02-17,2023-06-15,0
CLT00406,38,Célibataire,Sans emploi,Auvergne-Rhône-Alpes,72,Assurance Santé,Confort,Web,182.7,0,0.0,2.0,2,0,4.0,0,2024-01-02,2024-06-17,0
CLT00407,57,Veuf/Veuve,Fonctionnaire,Occitanie,120,Assurance Vie,Essentiel,Courtier,60.57,1,1720.46,0.0,3,0,5.0,0,2022-10-05,2022-12-23,1
CLT00408,49,En couple,Indépendant,Île-de-France,12,Multirisque Pro,Confort,Agence,246.72,4,6859.23,5.0,3,2,4.0,0,2023-06-13,2023-07-06,1
CLT00409,37,Marié(e),Fonctionnaire,Nouvelle-Aquitaine,96,Assurance Vie,Essentiel,Téléphone,63.5,0,0.0,4.0,0,0,5.0,0,2022-03-30,2023-10-17,1
CLT00410,30,Marié(e),Sans emploi,Occitanie,120,Assurance Vie,Essentiel,Courtier,64.6,0,0.0,0.0,3,1,5.0,0,2022-11-08,2023-07-14,1
CLT00411,33,En couple,Indépendant,Occitanie,108,Assurance Vie,Confort,Téléphone,90.91,0,0.0,1.0,2,1,4.0,0,2022-01-07,2023-03-02,0
CLT00412,69,Marié(e),Salarié,Île-de-France,12,Assurance Auto,Essentiel,Courtier,80.32,1,2832.62,1.0,3,0,5.0,0,2023-11-05,2024-02-09,0
CLT00413,59,Veuf/Veuve,Retraité,Occitanie,156,Assurance Santé,Essentiel,Web,122.7,0,0.0,1.0,1,0,4.0,0,2022-03-03,2022-07-26,0
CLT00414,64,Veuf/Veuve,Fonctionnaire,Occitanie,144,Assurance Santé,Essentiel,Agence,132.79,1,2808.35,2.0,1,0,4.0,0,2023-04-15,2024-05-01,0
CLT00415,73,Veuf/Veuve,Salarié,Auvergne-Rhône-Alpes,12,Assurance Auto,Premium,Agence,140.63,0,0.0,2.0,1,0,4.0,0,2023-08-30,2024-06-15,0
CLT00416,50,Marié(e),Fonctionnaire,Occitanie,60,Assurance Auto,Confort,Web,97.84,1,2268.83,0.0,1,0,5.0,1,2022-11-19,2023-12-26,0
CLT00417,29,En couple,Salarié,Nouvelle-Aquitaine,156,Assurance Santé,Confort,Téléphone,157.28,0,0.0,2.0,2,0,5.0,0,2022-07-27,2022-12-13,1
CLT00418,73,En couple,Retraité,PACA,108,Multirisque Pro,Essentiel,Web,218.44,0,0.0,0.0,2,0,4.0,0,2023-04-23,2023-09-30,0
CLT00419,36,Veuf/Veuve,Fonctionnaire,Occitanie,12,Assurance Vie,Essentiel,Courtier,52.61,2,4846.0,0.0,0,0,3.0,0,2023-04-20,2023-09-02,0
CLT00420,35,Célibataire,Indépendant,Nouvelle-Aquitaine,156,Assurance Auto,Essentiel,Web,91.55,0,0.0,0.0,0,1,4.0,0,2022-12-02,2023-05-02,0
CLT00421,56,Veuf/Veuve,Sans emploi,Bretagne,144,Assurance Auto,Premium,Web,142.64,3,6344.48,1.0,1,0,5.0,0,2022-02-20,2024-01-14,0
CLT00422,71,Veuf/Veuve,Retraité,Île-de-France,24,Assurance Santé,Confort,Web,162.33,3,7696.84,0.0,3,0,2.0,1,2023-07-24,2024-04-30,1
CLT00423,38,En couple,Salarié,PACA,36,Assurance Habitation,Essentiel,Téléphone,43.84,1,1328.98,2.0,3,0,3.0,1,2022-01-13,2022-03-17,0
CLT00424,56,Marié(e),Salarié,Grand Est,48,Assurance Habitation,Essentiel,Web,44.76,1,2042.85,0.0,2,0,3.0,0,2023-08-20,2024-06-15,0
CLT00425,25,En couple,Retraité,PACA,156,Assurance Santé,Essentiel,Agence,111.24,0,0.0,2.0,2,0,3.0,0,2022-05-12,2022-08-14,0
CLT00426,66,Célibataire,Indépendant,Hauts-de-France,24,Assurance Santé,Essentiel,Agence,139.22,3,8297.93,1.0,0,0,3.0,0,2023-08-11,2024-03-19,1
CLT00427,74,Veuf/Veuve,Indépendant,Grand Est,156,Assurance Vie,Confort,Agence,83.11,0,0.0,3.0,2,0,5.0,1,2022-12-29,2023-08-05,0
CLT00428,25,En couple,Salarié,Hauts-de-France,156,Assurance Habitation,Confort,Courtier,73.73,0,0.0,2.0,3,0,4.0,1,2023-09-21,2024-01-24,1
CLT00429,24,Célibataire,Salarié,Hauts-de-France,120,Assurance Santé,Confort,Téléphone,143.18,4,11616.37,0.0,0,1,3.0,1,2022-10-14,2023-11-10,1
CLT00430,22,Célibataire,Retraité,Occitanie,48,Assurance Habitation,Confort,Web,61.98,1,1472.33,2.0,0,0,4.0,0,2024-01-01,2024-04-01,1
CLT00431,62,Marié(e),Retraité,Bretagne,108,Assurance Vie,Premium,Téléphone,109.61,1,823.49,0.0,3,1,5.0,0,2022-10-04,2023-04-06,0
CLT00432,68,Marié(e),Salarié,Île-de-France,108,Assurance Auto,Confort,Web,126.45,1,2133.14,0.0,2,0,,0,2023-04-29,2024-01-25,1
CLT00433,56,Célibataire,Indépendant,Auvergne-Rhône-Alpes,132,Assurance Santé,Premium,Web,205.99,2,5858.27,0.0,3,0,,0,2023-11-04,2024-01-04,0
CLT00434,32,Veuf/Veuve,Fonctionnaire,Occitanie,12,Assurance Santé,Premium,Agence,204.81,2,4494.48,4.0,0,0,5.0,0,2022-06-27,2022-12-24,0
CLT00435,34,Célibataire,Fonctionnaire,Bretagne,48,Assurance Habitation,Premium,Courtier,107.17,0,0.0,0.0,2,1,4.0,0,2023-08-05,2024-05-19,0
CLT00436,61,Marié(e),Indépendant,Hauts-de-France,144,Assurance Habitation,Premium,Web,89.92,2,4911.63,0.0,3,0,3.0,0,2023-05-18,2023-06-06,1
CLT00437,50,Célibataire,Sans emploi,Occitanie,144,Assurance Auto,Essentiel,Web,76.05,0,0.0,0.0,2,0,2.0,0,2023-05-05,2023-05-05,1
CLT00438,57,Marié(e),Indépendant,Auvergne-Rhône-Alpes,168,Assurance Santé,Premium,Web,250.43,0,0.0,0.0,0,0,,0,2022-11-28,2023-01-27,0
CLT00439,57,Marié(e),Salarié,PACA,24,Assurance Auto,Essentiel,Web,79.44,1,358.71,0.0,0,1,3.0,0,2023-01-18,2024-02-27,0
CLT00440,57,Marié(e),Indépendant,Nouvelle-Aquitaine,72,Multirisque Pro,Essentiel,Courtier,193.61,0,0.0,0.0,2,0,4.0,0,2022-06-11,2024-06-29,0
CLT00441,30,En couple,Sans emploi,Bretagne,48,Assurance Vie,Premium,Téléphone,106.43,0,0.0,1.0,2,0,4.0,0,2023-12-12,2024-05-17,1
CLT00442,63,Marié(e),Fonctionnaire,Grand Est,108,Assurance Santé,Essentiel,Web,108.56,4,11745.54,2.0,3,0,5.0,0,2022-05-11,2022-11-08,0
CLT00443,53,En couple,Sans emploi,Île-de-France,24,Assurance Auto,Premium,Téléphone,160.32,0,0.0,1.0,3,1,4.0,0,2022-11-22,2023-07-06,0
CLT00444,64,Marié(e),Salarié,Auvergne-Rhône-Alpes,96,Multirisque Pro,Essentiel,Téléphone,227.63,1,2382.65,0.0,1,0,3.0,0,2022-09-01,2023-08-22,1
CLT00445,68,Veuf/Veuve,Salarié,Bretagne,144,Assurance Santé,Essentiel,Agence,134.8,1,1886.92,1.0,2,3,2.0,0,2022-09-29,2023-05-01,0
CLT00446,33,Marié(e),Salarié,Bretagne,36,Assurance Habitation,Premium,Agence,97.81,1,1888.82,1.0,3,0,1.0,0,2022-01-02,2022-02-20,1
CLT00447,31,Veuf/Veuve,Retraité,Auvergne-Rhône-Alpes,144,Assurance Vie,Confort,Téléphone,99.13,0,0.0,1.0,1,0,3.0,0,2023-01-23,2024-01-17,0
CLT00448,41,En couple,Indépendant,Hauts-de-France,24,Multirisque Pro,Confort,Agence,242.41,1,1155.69,1.0,1,0,4.0,0,2023-04-08,2023-05-15,0
CLT00449,55,Marié(e),Salarié,Bretagne,48,Assurance Auto,Confort,Agence,114.12,1,2083.97,2.0,1,0,3.0,1,2022-03-17,2023-03-02,1
CLT00450,33,Célibataire,Fonctionnaire,PACA,60,Assurance Habitation,Confort,Web,66.27,1,1600.78,,1,0,5.0,0,2023-09-01,2024-05-05,0
CLT00451,43,En couple,Salarié,Grand Est,96,Assurance Auto,Confort,Web,128.58,4,8940.59,2.0,0,1,5.0,0,2022-04-14,2023-03-19,0
CLT00452,39,Marié(e),Fonctionnaire,Nouvelle-Aquitaine,72,Assurance Habitation,Essentiel,Téléphone,42.91,0,0.0,0.0,2,0,5.0,0,2022-09-01,2022-12-08,0
CLT00453,35,Célibataire,Fonctionnaire,Auvergne-Rhône-Alpes,72,Assurance Auto,Confort,Téléphone,122.04,2,5088.67,0.0,1,0,2.0,1,2022-01-04,2023-03-17,0
CLT00454,55,Célibataire,Salarié,Occitanie,60,Assurance Auto,Confort,Téléphone,99.25,0,0.0,2.0,2,2,3.0,0,2022-07-31,2023-01-21,1
CLT00455,49,Marié(e),Retraité,PACA,36,Assurance Santé,Essentiel,Téléphone,108.23,0,0.0,2.0,0,0,5.0,0,2023-04-28,2024-01-03,1
CLT00456,46,Marié(e),Retraité,Auvergne-Rhône-Alpes,72,Assurance Santé,Essentiel,Téléphone,129.98,4,3328.15,0.0,0,0,3.0,0,2023-01-14,2023-07-24,0
CLT00457,45,Veuf/Veuve,Fonctionnaire,Hauts-de-France,132,Assurance Vie,Essentiel,Courtier,62.17,2,5975.19,1.0,0,0,3.0,0,2022-08-20,2023-05-22,0
CLT00458,41,Célibataire,Fonctionnaire,PACA,72,Multirisque Pro,Essentiel,Web,211.46,1,1221.08,2.0,0,0,4.0,0,2023-07-09,2024-02-05,0
CLT00459,25,Veuf/Veuve,Sans emploi,Grand Est,36,Multirisque Pro,Essentiel,Agence,205.0,1,1933.68,0.0,3,0,5.0,0,2023-12-05,2024-04-04,0
CLT00460,64,Célibataire,Retraité,Nouvelle-Aquitaine,36,Multirisque Pro,Essentiel,Téléphone,185.82,1,1665.98,,2,0,4.0,0,2024-01-02,2024-01-10,1
CLT00461,60,Veuf/Veuve,Indépendant,PACA,36,Multirisque Pro,Premium,Web,421.98,0,0.0,0.0,1,2,3.0,0,2022-06-21,2023-01-23,1
CLT00462,27,Célibataire,Retraité,Grand Est,168,Assurance Habitation,Essentiel,Agence,47.68,1,630.97,4.0,3,1,4.0,0,2022-07-26,2024-04-28,0
CLT00463,25,Célibataire,Salarié,Bretagne,108,Assurance Habitation,Premium,Courtier,98.56,1,1144.45,4.0,0,0,1.0,0,2023-02-02,2024-03-14,0
CLT00464,73,Célibataire,Sans emploi,Hauts-de-France,72,Multirisque Pro,Confort,Courtier,299.56,3,6279.28,0.0,3,0,5.0,0,2023-08-25,2024-05-18,0
CLT00465,68,En couple,Sans emploi,Auvergne-Rhône-Alpes,108,Assurance Vie,Essentiel,Téléphone,58.93,0,0.0,,3,0,3.0,0,2023-08-26,2024-06-19,1
CLT00466,67,Marié(e),Retraité,Nouvelle-Aquitaine,168,Assurance Auto,Essentiel,Agence,94.35,2,2931.68,5.0,1,0,4.0,0,2022-09-28,2023-10-25,0
CLT00467,59,En couple,Fonctionnaire,Île-de-France,84,Assurance Vie,Premium,Téléphone,119.43,1,579.0,0.0,1,0,4.0,0,2023-02-17,2023-05-01,0
CLT00468,73,Veuf/Veuve,Fonctionnaire,Île-de-France,12,Multirisque Pro,Premium,Téléphone,357.76,0,0.0,0.0,0,0,4.0,0,2023-12-09,2024-02-07,1
CLT00469,71,Marié(e),Salarié,Nouvelle-Aquitaine,108,Assurance Auto,Premium,Téléphone,141.52,0,0.0,0.0,3,0,4.0,0,2022-12-12,2023-10-18,0
CLT00470,39,En couple,Indépendant,PACA,144,Assurance Santé,Confort,Téléphone,160.22,0,0.0,0.0,2,0,4.0,0,2022-11-04,2024-01-31,0
CLT00471,69,En couple,Retraité,PACA,84,Assurance Santé,Confort,Téléphone,172.35,0,0.0,0.0,1,1,,0,2022-08-05,2023-09-25,0
CLT00472,28,En couple,Salarié,Île-de-France,156,Assurance Vie,Premium,Courtier,107.22,2,5837.27,0.0,1,1,4.0,0,2022-11-15,2024-04-16,0
CLT00473,58,En couple,Indépendant,Auvergne-Rhône-Alpes,168,Assurance Vie,Essentiel,Agence,65.12,0,0.0,2.0,1,0,4.0,1,2022-03-01,2022-11-11,1
CLT00474,50,En couple,Fonctionnaire,Bretagne,12,Assurance Auto,Confort,Agence,117.42,0,0.0,1.0,2,0,4.0,0,2023-01-13,2024-05-02,0
CLT00475,65,En couple,Fonctionnaire,Île-de-France,72,Multirisque Pro,Confort,Agence,259.2,0,0.0,,1,0,4.0,0,2023-05-16,2024-03-15,0
CLT00476,45,Marié(e),Indépendant,Bretagne,72,Assurance Vie,Essentiel,Téléphone,55.58,3,4515.38,1.0,0,2,4.0,0,2022-09-22,2022-12-23,0
CLT00477,49,En couple,Sans emploi,Île-de-France,36,Assurance Santé,Essentiel,Téléphone,128.28,1,717.55,0.0,2,0,5.0,1,2022-08-08,2023-03-22,0
CLT00478,36,Veuf/Veuve,Sans emploi,Nouvelle-Aquitaine,84,Assurance Habitation,Premium,Web,90.42,0,0.0,0.0,3,0,3.0,0,2022-01-21,2024-06-24,0
CLT00479,50,Célibataire,Indépendant,Auvergne-Rhône-Alpes,36,Assurance Auto,Confort,Web,129.84,0,0.0,0.0,2,0,4.0,0,2022-09-16,2024-05-30,0
CLT00480,34,Veuf/Veuve,Fonctionnaire,Grand Est,36,Assurance Santé,Premium,Courtier,277.75,1,2887.41,0.0,2,1,5.0,1,2023-04-16,2023-08-23,0
CLT00481,65,Célibataire,Salarié,Grand Est,12,Assurance Habitation,Confort,Courtier,60.84,1,1471.98,,1,0,3.0,0,2023-06-08,2024-05-12,0
CLT00482,62,Célibataire,Retraité,Nouvelle-Aquitaine,48,Assurance Santé,Premium,Courtier,234.08,4,8464.32,4.0,1,0,5.0,0,2022-03-07,2023-02-14,0
CLT00483,49,Marié(e),Fonctionnaire,Nouvelle-Aquitaine,36,Assurance Santé,Premium,Courtier,231.82,1,1358.3,1.0,3,0,3.0,0,2022-07-12,2022-12-12,0
CLT00484,29,Marié(e),Indépendant,Grand Est,72,Multirisque Pro,Essentiel,Agence,221.01,0,0.0,0.0,0,0,3.0,0,2022-01-27,2023-11-29,0
CLT00485,31,Veuf/Veuve,Retraité,Grand Est,84,Assurance Vie,Confort,Courtier,74.7,0,0.0,2.0,0,0,3.0,0,2022-02-06,2023-09-26,0
CLT00486,74,Veuf/Veuve,Fonctionnaire,Occitanie,120,Multirisque Pro,Essentiel,Courtier,231.2,2,1658.08,0.0,2,0,4.0,0,2023-06-04,2023-11-04,0
CLT00487,33,Célibataire,Retraité,Nouvelle-Aquitaine,84,Assurance Habitation,Premium,Web,85.09,1,1241.94,1.0,3,0,5.0,0,2022-05-12,2024-06-08,1
CLT00488,56,Célibataire,Indépendant,Bretagne,96,Assurance Santé,Premium,Web,250.08,0,0.0,1.0,1,0,2.0,0,2022-12-30,2023-08-15,0
CLT00489,29,Marié(e),Sans emploi,Bretagne,144,Assurance Santé,Confort,Courtier,185.73,1,1415.35,,0,0,3.0,0,2022-10-29,2024-02-15,0
CLT00490,44,Veuf/Veuve,Indépendant,PACA,168,Assurance Auto,Confort,Agence,132.0,0,0.0,0.0,0,0,4.0,0,2023-05-28,2023-07-28,0
CLT00491,72,Célibataire,Indépendant,Grand Est,96,Assurance Vie,Premium,Courtier,112.69,0,0.0,0.0,2,0,3.0,0,2022-05-21,2022-12-12,0
CLT00492,47,Marié(e),Indépendant,Auvergne-Rhône-Alpes,96,Assurance Santé,Confort,Téléphone,178.67,0,0.0,,0,0,5.0,0,2022-03-24,2023-08-05,0
CLT00493,71,Célibataire,Salarié,Bretagne,108,Assurance Santé,Premium,Web,245.68,0,0.0,2.0,0,0,3.0,0,2023-04-08,2023-08-26,0
CLT00494,54,Célibataire,Indépendant,Hauts-de-France,96,Assurance Habitation,Essentiel,Web,38.74,1,1212.61,0.0,2,0,5.0,0,2023-09-22,2024-05-01,0
CLT00495,64,Veuf/Veuve,Salarié,Hauts-de-France,24,Assurance Vie,Confort,Téléphone,97.59,1,2468.45,1.0,3,0,3.0,0,2022-02-08,2023-08-08,1
CLT00496,37,Marié(e),Sans emploi,Île-de-France,144,Assurance Habitation,Premium,Courtier,101.41,0,0.0,1.0,0,0,4.0,0,2022-07-15,2022-08-02,1
CLT00497,60,Marié(e),Fonctionnaire,Occitanie,120,Assurance Auto,Premium,Web,179.27,1,1821.14,0.0,0,0,5.0,0,2022-05-13,2022-08-26,0
CLT00498,30,Célibataire,Salarié,Auvergne-Rhône-Alpes,120,Assurance Vie,Premium,Courtier,141.18,0,0.0,0.0,3,0,4.0,0,2022-11-02,2023-08-26,0
CLT00499,50,En couple,Fonctionnaire,Grand Est,156,Assurance Vie,Premium,Courtier,102.8,1,783.52,0.0,2,0,1.0,1,2023-05-17,2023-11-16,1
CLT00500,56,En couple,Indépendant,Île-de-France,60,Assurance Habitation,Essentiel,Téléphone,40.43,2,3200.33,1.0,1,0,5.0,0,2022-05-15,2022-12-17,0
CLT00501,44,Marié(e),Salarié,PACA,84,Assurance Auto,Premium,Web,190.69,1,2816.72,0.0,2,0,5.0,0,2023-01-20,2023-10-08,0
CLT00502,38,Célibataire,Salarié,Île-de-France,156,Multirisque Pro,Premium,Agence,434.04,1,1810.17,0.0,1,0,4.0,0,2022-02-19,2024-01-26,0
CLT00503,26,Célibataire,Sans emploi,Grand Est,36,Assurance Auto,Confort,Téléphone,110.81,0,0.0,1.0,1,2,,0,2022-09-16,2024-01-14,0
CLT00504,56,Veuf/Veuve,Salarié,Nouvelle-Aquitaine,84,Assurance Habitation,Essentiel,Agence,40.5,1,1996.39,0.0,0,0,2.0,0,2023-11-10,2024-03-22,1
CLT00505,49,Célibataire,Sans emploi,Grand Est,48,Assurance Santé,Premium,Web,244.79,0,0.0,3.0,2,1,5.0,0,2023-09-25,2023-11-24,0
CLT00506,44,En couple,Sans emploi,Hauts-de-France,72,Assurance Santé,Essentiel,Agence,130.67,0,0.0,1.0,3,0,3.0,0,2022-07-24,2023-04-19,1
CLT00507,32,Marié(e),Indépendant,Grand Est,72,Multirisque Pro,Essentiel,Courtier,170.36,0,0.0,0.0,1,1,4.0,0,2022-02-10,2023-08-25,0
CLT00508,53,En couple,Salarié,Bretagne,72,Assurance Vie,Essentiel,Téléphone,69.03,0,0.0,2.0,2,0,2.0,0,2022-01-14,2023-12-02,0
CLT00509,66,Célibataire,Sans emploi,Auvergne-Rhône-Alpes,96,Assurance Auto,Essentiel,Téléphone,92.07,3,2428.79,0.0,2,1,3.0,0,2022-03-18,2024-03-27,1
CLT00510,57,Marié(e),Fonctionnaire,Hauts-de-France,60,Assurance Auto,Confort,Web,115.24,1,1490.52,2.0,3,2,5.0,0,2023-04-21,2023-05-16,0
CLT00511,69,Marié(e),Fonctionnaire,Nouvelle-Aquitaine,156,Assurance Auto,Essentiel,Agence,93.82,0,0.0,0.0,3,0,2.0,1,2023-03-13,2024-03-25,1
CLT00512,27,En couple,Indépendant,Île-de-France,132,Assurance Auto,Essentiel,Agence,87.02,1,957.57,0.0,2,0,5.0,1,2022-12-03,2023-12-04,0
CLT00513,51,Marié(e),Fonctionnaire,PACA,48,Assurance Vie,Premium,Courtier,124.86,4,4934.33,0.0,0,0,3.0,0,2022-07-07,2022-10-31,1
CLT00514,46,Veuf/Veuve,Retraité,Nouvelle-Aquitaine,72,Assurance Vie,Confort,Téléphone,73.26,0,0.0,1.0,0,0,4.0,0,2023-03-08,2024-02-03,0
CLT00515,74,En couple,Salarié,Île-de-France,72,Assurance Habitation,Essentiel,Web,41.33,2,4032.98,1.0,0,0,3.0,1,2023-03-03,2024-06-11,0
CLT00516,51,Veuf/Veuve,Fonctionnaire,Auvergne-Rhône-Alpes,72,Multirisque Pro,Confort,Téléphone,268.53,2,1853.78,0.0,2,0,2.0,0,2023-09-19,2023-10-03,1
CLT00517,30,Veuf/Veuve,Retraité,PACA,132,Assurance Habitation,Confort,Téléphone,73.73,2,4556.84,0.0,1,1,4.0,0,2022-02-17,2022-04-22,0
CLT00518,22,En couple,Fonctionnaire,Île-de-France,96,Assurance Santé,Premium,Courtier,229.85,0,0.0,,2,1,4.0,0,2023-06-16,2024-03-09,1
CLT00519,27,Veuf/Veuve,Fonctionnaire,Occitanie,168,Multirisque Pro,Essentiel,Téléphone,186.29,0,0.0,0.0,3,0,4.0,0,2023-11-11,2024-05-02,0
CLT00520,64,En couple,Sans emploi,Île-de-France,84,Assurance Vie,Essentiel,Agence,68.12,2,4729.83,1.0,1,0,5.0,1,2023-04-26,2024-01-04,0
CLT00521,63,En couple,Fonctionnaire,Bretagne,84,Assurance Habitation,Essentiel,Téléphone,50.13,0,0.0,1.0,1,1,4.0,0,2022-10-12,2022-12-02,0
CLT00522,30,En couple,Salarié,Grand Est,132,Multirisque Pro,Essentiel,Téléphone,192.81,3,1623.79,0.0,3,0,5.0,0,2023-04-16,2023-11-29,1
CLT00523,45,Veuf/Veuve,Fonctionnaire,Hauts-de-France,84,Multirisque Pro,Confort,Agence,256.34,1,1015.81,1.0,1,3,4.0,0,2022-05-02,2023-09-23,0
CLT00524,63,Célibataire,Sans emploi,Grand Est,24,Assurance Auto,Essentiel,Téléphone,91.52,0,0.0,2.0,1,0,,0,2023-07-17,2023-07-17,0
CLT00525,43,Veuf/Veuve,Fonctionnaire,Occitanie,36,Assurance Auto,Premium,Courtier,171.55,0,0.0,0.0,2,0,5.0,1,2023-01-08,2023-03-04,1
CLT00526,22,Marié(e),Retraité,Hauts-de-France,36,Assurance Habitation,Confort,Courtier,64.06,1,589.21,1.0,1,0,1.0,0,2022-04-27,2022-08-04,0
CLT00527,64,Marié(e),Sans emploi,Bretagne,12,Assurance Habitation,Essentiel,Courtier,51.16,2,1515.63,,2,2,5.0,0,2023-06-19,2023-12-27,0
CLT00528,53,En couple,Retraité,Hauts-de-France,36,Assurance Auto,Essentiel,Web,87.63,0,0.0,1.0,3,1,5.0,0,2022-04-20,2023-01-05,0
CLT00529,74,Veuf/Veuve,Indépendant,PACA,120,Multirisque Pro,Essentiel,Web,176.12,0,0.0,1.0,2,0,5.0,0,2023-04-14,2024-06-09,0
CLT00530,54,Veuf/Veuve,Salarié,PACA,48,Assurance Habitation,Premium,Courtier,82.14,0,0.0,4.0,0,1,4.0,0,2023-10-11,2023-12-13,0
CLT00531,37,Célibataire,Sans emploi,Hauts-de-France,168,Assurance Vie,Confort,Web,85.46,1,1959.99,1.0,0,2,5.0,1,2022-02-19,2023-09-08,0
CLT00532,39,En couple,Indépendant,Auvergne-Rhône-Alpes,132,Assurance Vie,Premium,Téléphone,104.9,0,0.0,0.0,3,0,5.0,1,2022-04-17,2023-05-18,0
CLT00533,42,Veuf/Veuve,Sans emploi,Grand Est,168,Multirisque Pro,Premium,Courtier,373.86,0,0.0,4.0,2,0,3.0,0,2023-12-11,2024-06-23,0
CLT00534,36,Marié(e),Retraité,Bretagne,168,Assurance Habitation,Confort,Téléphone,71.72,0,0.0,1.0,1,0,4.0,0,2022-05-17,2022-10-05,0
CLT00535,46,En couple,Indépendant,Bretagne,84,Assurance Vie,Premium,Courtier,119.32,0,0.0,1.0,2,0,2.0,0,2022-08-03,2024-05-03,1
CLT00536,66,En couple,Sans emploi,Auvergne-Rhône-Alpes,96,Assurance Santé,Premium,Courtier,216.36,0,0.0,0.0,0,0,5.0,0,2023-07-10,2024-06-29,0
CLT00537,25,Veuf/Veuve,Sans emploi,Bretagne,12,Assurance Santé,Premium,Agence,213.36,1,1828.38,2.0,0,2,4.0,0,2023-08-08,2024-03-08,0
CLT00538,39,Célibataire,Salarié,Île-de-France,120,Multirisque Pro,Confort,Téléphone,254.29,2,2235.89,0.0,0,0,2.0,0,2023-01-26,2023-06-23,0
CLT00539,68,Marié(e),Indépendant,Occitanie,132,Assurance Auto,Premium,Agence,139.05,0,0.0,1.0,3,1,3.0,1,2022-10-21,2023-07-04,0
CLT00540,47,Célibataire,Fonctionnaire,Occitanie,168,Assurance Habitation,Essentiel,Courtier,53.39,0,0.0,1.0,1,0,5.0,0,2023-04-09,2023-05-31,0
CLT00541,24,En couple,Sans emploi,Grand Est,132,Multirisque Pro,Premium,Web,451.48,2,5920.3,2.0,1,1,4.0,0,2023-12-14,2024-02-25,0
CLT00542,22,Marié(e),Sans emploi,Grand Est,12,Assurance Auto,Confort,Téléphone,95.98,0,0.0,0.0,3,0,4.0,0,2022-02-25,2022-03-10,1
CLT00543,62,Marié(e),Sans emploi,Occitanie,168,Assurance Santé,Essentiel,Téléphone,124.92,0,0.0,0.0,1,0,1.0,0,2023-07-14,2024-05-17,0
CLT00544,47,Veuf/Veuve,Indépendant,Nouvelle-Aquitaine,132,Assurance Habitation,Premium,Web,95.81,2,2078.14,4.0,0,0,4.0,0,2023-12-01,2023-12-20,1
CLT00545,49,Célibataire,Retraité,Grand Est,48,Assurance Habitation,Essentiel,Agence,39.1,0,0.0,0.0,0,1,4.0,0,2022-10-13,2024-05-04,0
CLT00546,67,Célibataire,Fonctionnaire,Nouvelle-Aquitaine,36,Assurance Santé,Essentiel,Web,122.68,1,2595.54,1.0,2,0,3.0,0,2023-04-23,2024-04-20,0
CLT00547,43,Célibataire,Sans emploi,Bretagne,24,Assurance Habitation,Essentiel,Web,43.41,2,3744.95,0.0,2,0,4.0,0,2023-11-09,2024-01-25,0
CLT00548,58,Marié(e),Sans emploi,PACA,84,Assurance Vie,Premium,Courtier,137.6,0,0.0,1.0,1,1,4.0,0,2022-08-14,2023-02-18,0
CLT00549,27,Veuf/Veuve,Salarié,Grand Est,12,Multirisque Pro,Essentiel,Web,206.27,1,2542.29,2.0,1,0,4.0,1,2022-12-24,2023-08-07,0
CLT00550,33,Marié(e),Fonctionnaire,Bretagne,72,Assurance Habitation,Premium,Courtier,93.12,0,0.0,0.0,1,1,2.0,0,2022-08-12,2024-05-06,0
CLT00551,60,Marié(e),Retraité,PACA,48,Multirisque Pro,Confort,Agence,255.11,1,2192.98,3.0,1,2,,0,2022-09-04,2024-06-22,0
CLT00552,29,Marié(e),Retraité,Île-de-France,156,Multirisque Pro,Premium,Web,433.34,1,1886.91,1.0,3,0,3.0,0,2022-04-27,2023-05-27,0
CLT00553,69,Marié(e),Sans emploi,Île-de-France,96,Assurance Santé,Premium,Courtier,269.05,0,0.0,,3,0,4.0,0,2023-06-05,2024-01-19,0
CLT00554,60,Marié(e),Sans emploi,Occitanie,48,Assurance Vie,Essentiel,Courtier,70.38,0,0.0,0.0,1,1,5.0,0,2022-03-26,2022-07-02,0
CLT00555,27,En couple,Indépendant,PACA,12,Assurance Habitation,Premium,Agence,96.14,0,0.0,0.0,3,0,5.0,0,2023-12-03,2024-03-20,0
CLT00556,45,En couple,Salarié,PACA,12,Assurance Auto,Essentiel,Téléphone,80.02,0,0.0,0.0,3,0,5.0,0,2023-04-16,2024-04-17,0
CLT00557,63,Célibataire,Indépendant,PACA,120,Assurance Santé,Essentiel,Agence,126.23,0,0.0,0.0,3,0,4.0,0,2022-09-15,2024-04-08,0
CLT00558,54,Veuf/Veuve,Retraité,Nouvelle-Aquitaine,60,Assurance Auto,Premium,Web,150.05,0,0.0,0.0,3,0,4.0,0,2023-04-07,2024-02-23,0
CLT00559,45,Veuf/Veuve,Salarié,Île-de-France,96,Assurance Vie,Confort,Courtier,74.53,0,0.0,0.0,3,1,5.0,0,2023-07-02,2023-07-05,0
CLT00560,34,Marié(e),Sans emploi,PACA,96,Multirisque Pro,Essentiel,Agence,206.2,2,4236.98,0.0,1,0,5.0,0,2022-04-19,2023-02-09,0
CLT00561,74,Veuf/Veuve,Retraité,Nouvelle-Aquitaine,108,Assurance Santé,Premium,Agence,244.79,2,3818.03,1.0,0,0,3.0,0,2023-02-09,2024-04-04,1
CLT00562,33,En couple,Retraité,Occitanie,24,Assurance Auto,Confort,Web,95.83,3,3766.68,,1,0,1.0,1,2023-07-13,2023-12-11,1
CLT00563,44,En couple,Salarié,Île-de-France,96,Assurance Habitation,Confort,Courtier,70.0,2,1299.32,1.0,2,0,5.0,0,2022-02-12,2022-02-17,0
CLT00564,63,Marié(e),Indépendant,PACA,96,Multirisque Pro,Premium,Téléphone,467.24,1,2093.92,0.0,3,0,3.0,0,2022-12-19,2023-07-23,0
CLT00565,58,En couple,Indépendant,Auvergne-Rhône-Alpes,84,Assurance Vie,Premium,Web,115.7,0,0.0,0.0,2,0,5.0,1,2023-09-24,2024-01-31,0
CLT00566,25,Veuf/Veuve,Sans emploi,Île-de-France,96,Assurance Habitation,Essentiel,Web,47.16,0,0.0,0.0,3,0,4.0,0,2022-03-16,2023-01-07,0
CLT00567,26,Veuf/Veuve,Fonctionnaire,Occitanie,72,Assurance Auto,Confort,Agence,120.07,1,538.09,4.0,1,2,5.0,0,2023-01-01,2023-05-12,0
CLT00568,63,En couple,Fonctionnaire,PACA,72,Assurance Habitation,Essentiel,Courtier,42.59,0,0.0,2.0,3,3,5.0,0,2023-05-13,2023-12-29,1
CLT00569,36,Marié(e),Fonctionnaire,Auvergne-Rhône-Alpes,60,Assurance Santé,Premium,Courtier,237.53,0,0.0,0.0,1,0,5.0,0,2023-03-15,2023-06-09,0
CLT00570,33,Veuf/Veuve,Fonctionnaire,Occitanie,24,Assurance Auto,Confort,Web,126.63,0,0.0,3.0,1,0,4.0,0,2023-01-04,2023-05-21,0
CLT00571,35,Marié(e),Fonctionnaire,Hauts-de-France,48,Assurance Santé,Confort,Téléphone,171.57,0,0.0,0.0,3,0,3.0,0,2023-05-14,2024-02-20,0
CLT00572,60,En couple,Sans emploi,Nouvelle-Aquitaine,120,Assurance Auto,Essentiel,Agence,71.31,3,7870.8,,1,0,3.0,0,2022-07-21,2023-04-16,0
CLT00573,70,Célibataire,Sans emploi,Île-de-France,132,Assurance Auto,Premium,Agence,159.0,0,0.0,0.0,3,1,2.0,0,2023-08-16,2024-03-10,0
CLT00574,69,Veuf/Veuve,Indépendant,Nouvelle-Aquitaine,36,Multirisque Pro,Essentiel,Agence,206.01,2,3014.52,0.0,0,1,5.0,0,2023-01-10,2024-02-15,0
CLT00575,65,Veuf/Veuve,Sans emploi,Auvergne-Rhône-Alpes,168,Assurance Habitation,Premium,Courtier,106.95,1,433.02,3.0,2,0,4.0,0,2023-06-07,2023-07-23,0
CLT00576,65,En couple,Sans emploi,Occitanie,120,Assurance Vie,Confort,Agence,95.7,1,352.91,4.0,0,0,4.0,1,2022-05-24,2023-08-23,0
CLT00577,66,Marié(e),Salarié,Hauts-de-France,24,Assurance Habitation,Essentiel,Web,41.02,0,0.0,2.0,2,0,4.0,0,2022-08-13,2023-12-25,0
CLT00578,55,En couple,Salarié,Bretagne,24,Assurance Habitation,Essentiel,Courtier,43.65,4,6234.58,0.0,0,0,4.0,0,2023-11-16,2024-01-07,0
CLT00579,42,Veuf/Veuve,Salarié,Hauts-de-France,96,Multirisque Pro,Confort,Téléphone,250.22,3,5941.65,2.0,0,1,,0,2022-02-10,2023-12-06,1
CLT00580,61,En couple,Retraité,Nouvelle-Aquitaine,72,Assurance Santé,Essentiel,Courtier,121.2,0,0.0,1.0,0,2,5.0,0,2023-11-01,2024-02-05,0
CLT00581,65,Veuf/Veuve,Indépendant,Nouvelle-Aquitaine,120,Assurance Santé,Premium,Agence,246.81,2,4797.06,1.0,3,3,5.0,0,2023-06-13,2024-01-06,0
CLT00582,46,Célibataire,Sans emploi,Hauts-de-France,144,Assurance Santé,Confort,Téléphone,158.25,0,0.0,0.0,0,0,3.0,1,2022-05-23,2023-08-16,1
CLT00583,42,En couple,Indépendant,Nouvelle-Aquitaine,36,Assurance Habitation,Essentiel,Agence,39.55,0,0.0,1.0,1,0,2.0,0,2022-07-11,2022-12-19,0
CLT00584,69,Veuf/Veuve,Fonctionnaire,Occitanie,84,Assurance Santé,Premium,Agence,237.0,0,0.0,0.0,0,1,1.0,1,2022-04-27,2023-09-02,1
CLT00585,63,Veuf/Veuve,Salarié,Auvergne-Rhône-Alpes,120,Assurance Vie,Confort,Web,99.11,1,267.32,1.0,1,1,4.0,1,2022-09-07,2022-10-21,1
CLT00586,28,Célibataire,Sans emploi,Auvergne-Rhône-Alpes,12,Assurance Habitation,Premium,Web,104.3,0,0.0,0.0,0,0,,0,2022-05-31,2022-07-27,1
CLT00587,72,Célibataire,Fonctionnaire,Grand Est,96,Assurance Habitation,Confort,Web,68.87,0,0.0,5.0,3,1,2.0,0,2022-03-29,2022-11-05,1
CLT00588,22,En couple,Indépendant,Hauts-de-France,144,Assurance Vie,Premium,Téléphone,112.07,0,0.0,0.0,2,0,4.0,0,2023-02-25,2023-12-29,0
CLT00589,70,En couple,Fonctionnaire,Nouvelle-Aquitaine,156,Assurance Habitation,Premium,Web,92.39,0,0.0,0.0,1,0,3.0,1,2023-04-10,2024-02-09,1
CLT00590,49,Veuf/Veuve,Indépendant,Grand Est,24,Multirisque Pro,Essentiel,Web,215.8,2,1767.23,1.0,2,0,,0,2022-04-22,2022-05-08,0
CLT00591,30,Célibataire,Indépendant,Auvergne-Rhône-Alpes,132,Assurance Habitation,Premium,Téléphone,99.12,0,0.0,1.0,1,0,3.0,1,2023-05-03,2024-03-12,0
CLT00592,46,Veuf/Veuve,Indépendant,PACA,144,Multirisque Pro,Essentiel,Agence,192.47,0,0.0,1.0,2,0,2.0,0,2023-09-10,2024-06-12,0
CLT00593,46,Marié(e),Salarié,Grand Est,12,Assurance Auto,Premium,Téléphone,177.85,0,0.0,4.0,3,0,3.0,1,2023-12-16,2024-04-29,1
CLT00594,31,Marié(e),Sans emploi,Grand Est,168,Assurance Vie,Essentiel,Téléphone,64.46,1,1334.3,0.0,2,0,4.0,0,2023-12-15,2024-05-10,1
CLT00595,59,Veuf/Veuve,Indépendant,Nouvelle-Aquitaine,156,Assurance Auto,Confort,Web,124.19,0,0.0,2.0,1,0,5.0,0,2022-03-27,2023-01-11,0
CLT00596,43,En couple,Salarié,Nouvelle-Aquitaine,120,Multirisque Pro,Premium,Téléphone,356.66,0,0.0,1.0,0,0,4.0,0,2023-12-28,2023-12-29,0
CLT00597,38,Veuf/Veuve,Indépendant,Île-de-France,48,Multirisque Pro,Premium,Agence,369.9,0,0.0,2.0,2,0,,1,2023-12-06,2024-06-28,0
CLT00598,56,En couple,Retraité,PACA,36,Assurance Santé,Confort,Courtier,168.93,0,0.0,2.0,2,0,3.0,0,2023-10-30,2024-03-27,0
CLT00599,35,Marié(e),Retraité,Bretagne,156,Assurance Santé,Confort,Téléphone,163.95,1,1075.94,0.0,0,1,5.0,0,2022-07-28,2023-09-24,0
CLT00600,47,Marié(e),Sans emploi,Auvergne-Rhône-Alpes,72,Multirisque Pro,Premium,Téléphone,382.57,2,2045.93,1.0,3,1,5.0,0,2023-07-23,2024-03-26,0
CLT00601,66,En couple,Salarié,Grand Est,144,Assurance Santé,Confort,Courtier,174.05,0,0.0,0.0,1,0,4.0,0,2022-08-24,2023-11-24,0
CLT00602,32,Marié(e),Sans emploi,Grand Est,168,Assurance Habitation,Essentiel,Web,52.25,1,1968.82,1.0,3,0,,0,2023-09-21,2023-10-17,0
CLT00603,53,En couple,Retraité,PACA,48,Assurance Habitation,Confort,Agence,60.67,0,0.0,1.0,2,0,3.0,0,2023-09-07,2024-04-16,0
CLT00604,67,Marié(e),Salarié,Occitanie,72,Assurance Auto,Essentiel,Courtier,76.45,2,3919.08,1.0,0,0,5.0,0,2023-09-16,2023-10-05,0
CLT00605,68,En couple,Retraité,Île-de-France,60,Assurance Vie,Confort,Courtier,72.41,1,428.05,1.0,2,0,3.0,0,2023-03-26,2023-03-31,0
CLT00606,44,Célibataire,Sans emploi,Occitanie,12,Assurance Habitation,Premium,Courtier,79.75,1,1567.92,1.0,0,0,4.0,0,2023-06-07,2024-02-26,0
CLT00607,66,Marié(e),Indépendant,Île-de-France,48,Assurance Habitation,Premium,Web,96.22,0,0.0,0.0,2,0,3.0,1,2023-11-02,2023-11-02,1
CLT00608,26,Marié(e),Retraité,Grand Est,84,Assurance Habitation,Essentiel,Courtier,51.18,3,4412.98,1.0,2,0,4.0,0,2023-02-20,2023-12-17,0
CLT00609,25,Célibataire,Sans emploi,PACA,168,Assurance Habitation,Premium,Agence,84.8,0,0.0,4.0,0,0,,0,2022-10-19,2024-05-13,0
CLT00610,59,En couple,Sans emploi,Nouvelle-Aquitaine,168,Multirisque Pro,Confort,Courtier,240.12,0,0.0,1.0,2,0,4.0,0,2022-07-19,2023-10-27,0
CLT00611,46,En couple,Retraité,Nouvelle-Aquitaine,132,Assurance Vie,Premium,Agence,120.44,0,0.0,0.0,1,0,2.0,1,2023-06-03,2023-07-27,0
CLT00612,55,Célibataire,Sans emploi,Bretagne,144,Multirisque Pro,Essentiel,Courtier,224.9,3,2911.43,0.0,0,3,2.0,0,2022-09-21,2024-03-24,1
CLT00613,67,Veuf/Veuve,Indépendant,Grand Est,120,Multirisque Pro,Confort,Téléphone,304.89,1,2202.9,0.0,3,0,3.0,0,2022-12-14,2024-03-27,1
CLT00614,24,Célibataire,Fonctionnaire,Hauts-de-France,48,Assurance Vie,Premium,Agence,132.06,4,11810.32,1.0,1,1,4.0,0,2022-03-11,2023-04-06,0
CLT00615,67,Veuf/Veuve,Fonctionnaire,Bretagne,108,Assurance Habitation,Premium,Web,104.13,0,0.0,1.0,3,0,3.0,0,2023-06-13,2024-03-13,1
CLT00616,41,Marié(e),Salarié,Occitanie,96,Assurance Auto,Premium,Courtier,183.25,0,0.0,0.0,3,0,4.0,0,2023-02-13,2024-01-23,0
CLT00617,57,Marié(e),Fonctionnaire,Hauts-de-France,48,Assurance Santé,Essentiel,Web,109.96,0,0.0,4.0,0,0,5.0,0,2022-08-12,2024-03-21,0
CLT00618,35,En couple,Indépendant,Hauts-de-France,60,Assurance Santé,Essentiel,Web,115.72,0,0.0,1.0,3,0,5.0,0,2022-09-05,2023-06-03,0
CLT00619,29,Marié(e),Indépendant,Occitanie,84,Assurance Habitation,Essentiel,Web,49.07,2,4260.74,0.0,1,0,2.0,1,2022-04-20,2022-08-20,0
CLT00620,31,Célibataire,Retraité,Île-de-France,120,Assurance Auto,Premium,Téléphone,146.31,0,0.0,2.0,0,1,3.0,0,2023-01-16,2023-12-04,0
CLT00621,23,En couple,Sans emploi,Hauts-de-France,144,Assurance Vie,Premium,Courtier,130.26,0,0.0,4.0,3,0,4.0,1,2022-10-14,2023-11-25,1
CLT00622,51,Veuf/Veuve,Retraité,Île-de-France,108,Assurance Habitation,Premium,Web,81.74,1,692.49,0.0,3,0,1.0,0,2023-07-08,2023-07-24,0
CLT00623,45,Veuf/Veuve,Salarié,Auvergne-Rhône-Alpes,144,Multirisque Pro,Confort,Téléphone,259.78,0,0.0,2.0,2,0,3.0,0,2023-12-17,2024-04-27,0
CLT00624,36,En couple,Retraité,Île-de-France,120,Assurance Vie,Confort,Agence,80.5,0,0.0,1.0,1,3,1.0,1,2023-08-18,2023-10-08,1
CLT00625,28,Marié(e),Indépendant,Auvergne-Rhône-Alpes,132,Assurance Santé,Confort,Courtier,169.72,0,0.0,3.0,0,0,2.0,1,2022-10-03,2024-01-28,1
CLT00626,25,Veuf/Veuve,Retraité,Auvergne-Rhône-Alpes,48,Multirisque Pro,Confort,Courtier,282.38,3,6285.29,0.0,3,1,2.0,0,2022-08-04,2023-10-07,0
CLT00627,37,Veuf/Veuve,Indépendant,Nouvelle-Aquitaine,120,Assurance Santé,Confort,Téléphone,172.98,0,0.0,1.0,3,0,4.0,0,2023-08-09,2023-10-15,0
CLT00628,57,Marié(e),Indépendant,PACA,48,Multirisque Pro,Premium,Web,455.01,0,0.0,,1,0,3.0,0,2023-07-23,2024-02-29,1
CLT00629,50,Veuf/Veuve,Salarié,Auvergne-Rhône-Alpes,72,Assurance Vie,Essentiel,Web,54.62,0,0.0,1.0,2,3,5.0,0,2022-06-30,2023-09-04,0
CLT00630,67,Marié(e),Fonctionnaire,Hauts-de-France,168,Assurance Vie,Essentiel,Courtier,71.58,4,8490.8,0.0,3,0,3.0,1,2023-07-30,2024-05-15,0
CLT00631,25,Célibataire,Indépendant,Auvergne-Rhône-Alpes,144,Assurance Auto,Confort,Agence,114.38,0,0.0,0.0,0,2,5.0,1,2022-09-18,2024-01-18,1
CLT00632,66,Marié(e),Fonctionnaire,Nouvelle-Aquitaine,120,Assurance Auto,Confort,Courtier,124.11,0,0.0,,0,0,3.0,0,2023-07-28,2024-05-08,0
CLT00633,27,Célibataire,Fonctionnaire,Grand Est,96,Assurance Santé,Confort,Agence,189.33,1,1038.76,1.0,0,0,5.0,0,2023-11-27,2024-04-30,0
CLT00634,63,Marié(e),Fonctionnaire,Nouvelle-Aquitaine,72,Assurance Habitation,Premium,Web,77.03,2,1909.93,2.0,0,0,5.0,0,2023-11-21,2024-03-30,0
CLT00635,73,Veuf/Veuve,Sans emploi,PACA,60,Assurance Vie,Premium,Téléphone,105.53,1,1964.49,,0,0,5.0,0,2022-10-21,2024-02-07,0
CLT00636,33,Veuf/Veuve,Salarié,Grand Est,156,Assurance Habitation,Essentiel,Courtier,51.1,0,0.0,0.0,1,0,4.0,0,2022-03-23,2022-09-04,0
CLT00637,60,Marié(e),Fonctionnaire,Bretagne,144,Assurance Santé,Essentiel,Courtier,107.78,0,0.0,0.0,1,0,2.0,0,2023-09-12,2024-04-01,0
CLT00638,39,Veuf/Veuve,Indépendant,Hauts-de-France,156,Assurance Santé,Confort,Courtier,192.37,0,0.0,2.0,3,0,5.0,0,2022-07-08,2022-07-31,0
CLT00639,27,Célibataire,Indépendant,Nouvelle-Aquitaine,72,Assurance Habitation,Premium,Web,93.35,4,6114.78,2.0,0,0,3.0,1,2022-06-20,2023-07-31,0
CLT00640,57,Célibataire,Salarié,Hauts-de-France,24,Assurance Auto,Essentiel,Agence,74.97,2,1264.73,1.0,3,1,1.0,0,2023-02-11,2023-11-06,1
CLT00641,51,Célibataire,Retraité,Auvergne-Rhône-Alpes,96,Assurance Auto,Essentiel,Courtier,92.7,3,2215.71,2.0,2,1,4.0,0,2022-11-13,2023-07-05,1
CLT00642,61,En couple,Indépendant,Hauts-de-France,120,Assurance Habitation,Premium,Courtier,90.21,0,0.0,0.0,0,1,4.0,0,2023-06-24,2023-09-19,0
CLT00643,68,Veuf/Veuve,Retraité,Bretagne,84,Assurance Auto,Essentiel,Courtier,78.72,0,0.0,,1,1,4.0,0,2023-07-08,2023-11-24,0
CLT00644,34,Veuf/Veuve,Sans emploi,Auvergne-Rhône-Alpes,144,Multirisque Pro,Confort,Web,303.59,0,0.0,1.0,1,2,2.0,0,2023-03-22,2023-12-15,1
CLT00645,69,En couple,Salarié,Hauts-de-France,12,Multirisque Pro,Confort,Courtier,250.81,0,0.0,3.0,1,1,4.0,0,2023-03-29,2023-09-02,0
CLT00646,31,Marié(e),Salarié,Auvergne-Rhône-Alpes,12,Assurance Santé,Confort,Courtier,170.08,0,0.0,3.0,1,0,4.0,1,2022-01-01,2023-06-20,0
CLT00647,72,Célibataire,Retraité,Hauts-de-France,84,Assurance Habitation,Confort,Courtier,63.62,0,0.0,3.0,0,1,4.0,0,2023-05-04,2023-10-04,0
CLT00648,23,Célibataire,Sans emploi,Occitanie,108,Assurance Auto,Confort,Courtier,131.52,1,1372.99,1.0,2,1,1.0,0,2023-01-18,2023-07-30,0
CLT00649,40,En couple,Indépendant,Grand Est,36,Assurance Vie,Premium,Téléphone,120.05,0,0.0,4.0,2,1,3.0,0,2023-10-24,2024-01-31,0
CLT00650,50,Veuf/Veuve,Indépendant,PACA,24,Assurance Vie,Essentiel,Courtier,53.11,0,0.0,0.0,3,0,5.0,0,2023-06-14,2024-04-22,0
CLT00651,67,En couple,Salarié,Grand Est,156,Assurance Santé,Confort,Courtier,156.85,0,0.0,1.0,1,0,5.0,0,2022-07-06,2022-11-22,0
CLT00652,72,Marié(e),Sans emploi,Hauts-de-France,24,Assurance Santé,Essentiel,Téléphone,113.29,4,10411.16,1.0,0,1,3.0,0,2023-05-19,2023-08-23,1
CLT00653,24,Célibataire,Indépendant,Île-de-France,72,Assurance Santé,Essentiel,Web,114.97,0,0.0,2.0,0,1,2.0,0,2022-04-15,2023-01-28,0
CLT00654,65,En couple,Salarié,Île-de-France,48,Assurance Santé,Essentiel,Téléphone,105.39,1,2129.71,0.0,2,1,5.0,0,2022-06-04,2022-06-19,0
CLT00655,51,Marié(e),Retraité,Grand Est,60,Assurance Vie,Essentiel,Courtier,57.07,3,1018.83,,3,0,5.0,0,2023-01-16,2024-05-04,0
CLT00656,52,Célibataire,Fonctionnaire,Auvergne-Rhône-Alpes,132,Assurance Auto,Confort,Agence,100.81,0,0.0,1.0,2,0,1.0,0,2023-02-06,2023-03-14,0
CLT00657,42,Marié(e),Retraité,Occitanie,156,Multirisque Pro,Confort,Web,307.94,2,4137.06,0.0,0,0,5.0,0,2022-01-13,2022-05-17,0
CLT00658,72,Célibataire,Indépendant,Occitanie,60,Assurance Habitation,Confort,Téléphone,72.79,1,640.17,4.0,3,0,5.0,0,2023-04-17,2024-04-27,1
CLT00659,24,Veuf/Veuve,Fonctionnaire,Hauts-de-France,144,Assurance Auto,Premium,Web,190.82,0,0.0,1.0,1,0,5.0,0,2022-11-27,2023-05-08,0
CLT00660,73,Veuf/Veuve,Fonctionnaire,Nouvelle-Aquitaine,144,Assurance Auto,Premium,Agence,152.63,0,0.0,4.0,3,0,2.0,1,2022-07-23,2023-07-27,1
CLT00661,71,En couple,Retraité,PACA,84,Assurance Auto,Premium,Web,141.67,1,1196.99,2.0,3,0,2.0,0,2022-11-29,2022-12-14,0
CLT00662,39,En couple,Salarié,Grand Est,12,Assurance Habitation,Confort,Agence,62.04,0,0.0,0.0,2,0,4.0,0,2022-02-13,2023-10-01,0
CLT00663,35,Célibataire,Indépendant,Bretagne,12,Assurance Vie,Premium,Web,105.32,0,0.0,1.0,2,0,5.0,0,2022-06-11,2023-11-04,0
CLT00664,60,Célibataire,Fonctionnaire,Île-de-France,96,Assurance Auto,Premium,Courtier,162.43,0,0.0,2.0,2,0,4.0,1,2023-10-23,2023-12-01,0
CLT00665,40,En couple,Fonctionnaire,Hauts-de-France,132,Multirisque Pro,Essentiel,Web,233.58,1,1677.73,,1,2,3.0,0,2023-07-26,2024-06-20,1
CLT00666,51,Veuf/Veuve,Fonctionnaire,Île-de-France,12,Assurance Santé,Confort,Web,144.87,0,0.0,1.0,3,0,2.0,0,2022-05-18,2023-01-29,1
CLT00667,69,Veuf/Veuve,Indépendant,Nouvelle-Aquitaine,12,Assurance Auto,Confort,Téléphone,102.43,0,0.0,0.0,0,1,3.0,0,2023-08-04,2023-11-07,0
CLT00668,27,Marié(e),Sans emploi,Hauts-de-France,84,Multirisque Pro,Confort,Courtier,271.2,1,773.94,2.0,2,1,4.0,0,2023-07-22,2023-10-12,0
CLT00669,52,Marié(e),Fonctionnaire,Hauts-de-France,96,Assurance Auto,Premium,Web,146.58,0,0.0,0.0,1,0,4.0,0,2023-07-09,2024-01-12,0
CLT00670,48,Célibataire,Sans emploi,Auvergne-Rhône-Alpes,108,Assurance Vie,Essentiel,Téléphone,57.75,0,0.0,0.0,0,0,4.0,1,2023-01-08,2023-09-09,0
CLT00671,63,En couple,Sans emploi,Grand Est,72,Assurance Santé,Premium,Agence,208.37,0,0.0,0.0,2,1,5.0,0,2023-12-01,2024-04-06,0
CLT00672,40,Veuf/Veuve,Fonctionnaire,Bretagne,144,Multirisque Pro,Essentiel,Courtier,211.17,1,762.0,3.0,2,0,,0,2022-04-24,2022-07-31,0
CLT00673,71,En couple,Indépendant,Île-de-France,72,Multirisque Pro,Premium,Agence,429.24,2,3011.7,0.0,2,0,4.0,0,2022-02-02,2022-08-27,1
CLT00674,35,Célibataire,Sans emploi,PACA,72,Assurance Auto,Confort,Web,111.02,4,2758.7,1.0,2,0,2.0,0,2023-10-20,2024-05-21,1
CLT00675,42,Célibataire,Fonctionnaire,Nouvelle-Aquitaine,120,Assurance Vie,Premium,Téléphone,132.38,0,0.0,2.0,3,0,5.0,0,2022-08-15,2024-04-26,0
CLT00676,49,Célibataire,Retraité,Hauts-de-France,168,Assurance Auto,Essentiel,Web,80.6,0,0.0,1.0,0,0,2.0,0,2023-10-17,2023-11-17,1
CLT00677,64,Célibataire,Sans emploi,Bretagne,24,Assurance Santé,Premium,Téléphone,278.39,0,0.0,3.0,3,0,3.0,0,2022-09-30,2024-03-24,1
CLT00678,28,Célibataire,Indépendant,Nouvelle-Aquitaine,168,Assurance Auto,Premium,Agence,190.33,0,0.0,2.0,1,0,4.0,0,2023-06-16,2023-08-04,1
CLT00679,45,En couple,Indépendant,Grand Est,72,Assurance Auto,Premium,Web,179.83,3,6412.19,,0,0,5.0,1,2023-06-23,2024-05-24,0
CLT00680,28,Célibataire,Sans emploi,Grand Est,84,Assurance Habitation,Premium,Web,104.66,0,0.0,0.0,3,0,5.0,0,2023-01-02,2024-04-15,0
CLT00681,45,Veuf/Veuve,Sans emploi,Auvergne-Rhône-Alpes,96,Assurance Vie,Essentiel,Web,61.43,0,0.0,1.0,2,0,5.0,0,2022-12-12,2023-05-22,0
CLT00682,68,Marié(e),Sans emploi,Bretagne,120,Multirisque Pro,Premium,Téléphone,361.2,1,2180.24,0.0,1,0,4.0,0,2022-11-29,2023-12-14,0
CLT00683,63,En couple,Sans emploi,Bretagne,24,Assurance Vie,Premium,Téléphone,116.91,0,0.0,1.0,0,0,4.0,0,2023-07-13,2023-10-30,0
CLT00684,69,Veuf/Veuve,Retraité,Bretagne,144,Assurance Vie,Premium,Courtier,129.33,2,5406.25,3.0,1,1,,0,2023-02-11,2023-02-11,0
CLT00685,62,Marié(e),Salarié,Auvergne-Rhône-Alpes,156,Assurance Auto,Confort,Agence,126.46,1,441.18,1.0,2,0,3.0,0,2022-11-04,2023-06-19,0
CLT00686,40,En couple,Salarié,Nouvelle-Aquitaine,144,Assurance Habitation,Confort,Agence,68.18,2,1606.59,0.0,1,0,4.0,0,2022-02-08,2023-05-25,0
CLT00687,33,Marié(e),Sans emploi,Nouvelle-Aquitaine,72,Assurance Santé,Essentiel,Web,138.27,0,0.0,3.0,2,2,4.0,0,2022-09-13,2023-05-09,0
CLT00688,55,En couple,Salarié,Grand Est,144,Assurance Santé,Confort,Agence,181.18,0,0.0,0.0,2,0,5.0,0,2022-11-29,2024-04-06,0
CLT00689,22,Célibataire,Sans emploi,Nouvelle-Aquitaine,132,Assurance Habitation,Confort,Agence,62.02,0,0.0,0.0,0,3,4.0,0,2023-01-26,2023-04-16,1
CLT00690,56,Veuf/Veuve,Salarié,Grand Est,24,Assurance Auto,Confort,Courtier,132.51,0,0.0,3.0,0,0,3.0,0,2022-08-21,2024-06-19,0
CLT00691,43,Marié(e),Sans emploi,Île-de-France,132,Multirisque Pro,Essentiel,Téléphone,219.22,0,0.0,1.0,1,0,4.0,0,2022-02-12,2023-01-04,0
CLT00692,53,En couple,Indépendant,Bretagne,144,Multirisque Pro,Premium,Web,458.8,2,3109.56,2.0,0,2,3.0,0,2022-02-21,2024-01-11,0
CLT00693,42,Veuf/Veuve,Fonctionnaire,Occitanie,60,Assurance Vie,Confort,Agence,72.26,1,1626.62,1.0,0,0,4.0,0,2023-02-08,2023-04-24,0
CLT00694,32,Célibataire,Sans emploi,Hauts-de-France,144,Assurance Habitation,Confort,Agence,72.77,0,0.0,4.0,1,0,4.0,0,2023-02-13,2023-06-27,0
CLT00695,61,En couple,Retraité,Auvergne-Rhône-Alpes,12,Assurance Auto,Confort,Téléphone,102.65,0,0.0,0.0,3,0,2.0,0,2023-07-27,2023-11-05,0
CLT00696,73,En couple,Salarié,Occitanie,84,Assurance Vie,Confort,Web,79.45,4,7478.1,2.0,2,0,3.0,0,2022-09-30,2023-12-14,0
CLT00697,69,Veuf/Veuve,Retraité,PACA,120,Assurance Santé,Premium,Agence,249.41,0,0.0,4.0,2,1,3.0,1,2023-01-10,2024-01-01,0
CLT00698,52,Marié(e),Indépendant,Île-de-France,156,Assurance Habitation,Confort,Courtier,59.21,2,3939.89,1.0,0,0,5.0,0,2022-12-25,2024-03-21,0
CLT00699,69,En couple,Indépendant,Île-de-France,168,Multirisque Pro,Essentiel,Téléphone,184.65,0,0.0,2.0,2,0,5.0,0,2023-12-03,2024-03-07,0
CLT00700,64,Célibataire,Indépendant,PACA,108,Assurance Habitation,Premium,Agence,96.84,2,4504.11,1.0,1,0,4.0,0,2023-09-28,2023-12-12,1
CLT00701,38,Marié(e),Retraité,PACA,48,Assurance Santé,Essentiel,Courtier,133.51,1,2973.8,0.0,1,0,5.0,1,2023-04-28,2023-05-09,0
CLT00702,50,Marié(e),Sans emploi,Occitanie,24,Assurance Santé,Essentiel,Web,138.68,0,0.0,3.0,3,0,1.0,0,2023-05-10,2024-03-23,0
CLT00703,52,Célibataire,Fonctionnaire,Grand Est,144,Assurance Habitation,Premium,Agence,82.96,0,0.0,0.0,2,0,4.0,1,2022-06-24,2022-08-24,0
CLT00704,53,Veuf/Veuve,Salarié,Île-de-France,72,Assurance Santé,Essentiel,Courtier,143.51,0,0.0,0.0,1,0,4.0,0,2022-03-10,2023-04-11,0
CLT00705,46,Célibataire,Fonctionnaire,PACA,168,Assurance Santé,Premium,Courtier,253.63,1,2835.58,3.0,3,0,2.0,0,2023-10-27,2024-02-02,1
CLT00706,50,Veuf/Veuve,Sans emploi,Bretagne,72,Assurance Habitation,Confort,Agence,59.48,0,0.0,2.0,2,0,3.0,1,2023-06-29,2023-08-13,0
CLT00707,54,Célibataire,Indépendant,Île-de-France,132,Assurance Habitation,Essentiel,Téléphone,46.94,2,5982.36,1.0,1,0,4.0,0,2023-06-27,2023-11-30,0
CLT00708,59,Célibataire,Fonctionnaire,Auvergne-Rhône-Alpes,48,Assurance Santé,Confort,Téléphone,163.22,0,0.0,1.0,0,0,,0,2023-12-02,2024-03-01,0
CLT00709,48,Marié(e),Salarié,Occitanie,132,Assurance Santé,Premium,Courtier,225.96,3,6700.95,0.0,2,3,4.0,0,2023-10-03,2024-02-11,0
CLT00710,58,En couple,Fonctionnaire,Occitanie,12,Assurance Vie,Essentiel,Courtier,53.46,0,0.0,0.0,2,0,4.0,0,2023-02-07,2024-01-09,0
CLT00711,37,Veuf/Veuve,Indépendant,Occitanie,96,Assurance Habitation,Essentiel,Téléphone,42.48,0,0.0,2.0,3,0,4.0,0,2023-08-10,2023-10-27,0
CLT00712,22,En couple,Indépendant,Hauts-de-France,12,Assurance Vie,Confort,Courtier,99.8,0,0.0,0.0,0,0,2.0,1,2023-10-31,2023-12-05,1
CLT00713,28,Marié(e),Sans emploi,Auvergne-Rhône-Alpes,120,Multirisque Pro,Premium,Web,457.76,0,0.0,,3,2,5.0,1,2022-05-19,2023-08-02,0
CLT00714,60,Célibataire,Sans emploi,Bretagne,96,Assurance Habitation,Premium,Web,101.16,2,4874.86,1.0,3,1,4.0,0,2023-06-30,2023-08-29,0
CLT00715,55,Marié(e),Retraité,Île-de-France,84,Assurance Habitation,Confort,Web,67.38,0,0.0,4.0,2,3,2.0,0,2023-02-26,2023-07-31,0
CLT00716,59,En couple,Salarié,Auvergne-Rhône-Alpes,96,Assurance Vie,Premium,Courtier,137.35,1,2724.57,3.0,0,2,3.0,1,2022-05-15,2022-11-20,1
CLT00717,64,En couple,Indépendant,Occitanie,84,Assurance Auto,Premium,Courtier,176.02,1,2917.55,1.0,0,0,3.0,0,2023-12-05,2023-12-11,0
CLT00718,72,Veuf/Veuve,Fonctionnaire,Auvergne-Rhône-Alpes,72,Assurance Santé,Essentiel,Téléphone,108.07,0,0.0,0.0,0,0,4.0,0,2022-07-08,2023-08-08,1
CLT00719,52,En couple,Indépendant,Auvergne-Rhône-Alpes,132,Assurance Vie,Confort,Web,87.69,0,0.0,0.0,1,0,3.0,0,2022-02-03,2023-03-28,0
CLT00720,26,En couple,Indépendant,Occitanie,48,Assurance Auto,Confort,Téléphone,109.16,1,1768.32,0.0,0,0,4.0,0,2022-03-09,2022-09-06,0
CLT00721,38,Veuf/Veuve,Indépendant,Bretagne,60,Assurance Vie,Premium,Téléphone,142.94,2,736.05,0.0,3,2,4.0,1,2023-03-14,2023-10-07,0
CLT00722,31,Veuf/Veuve,Sans emploi,Bretagne,24,Assurance Auto,Premium,Téléphone,160.51,0,0.0,2.0,0,1,3.0,0,2023-08-09,2024-06-08,0
CLT00723,68,Veuf/Veuve,Retraité,PACA,36,Multirisque Pro,Premium,Agence,459.62,1,962.48,0.0,3,2,5.0,0,2022-02-13,2022-10-22,0
CLT00724,44,Veuf/Veuve,Sans emploi,Île-de-France,48,Multirisque Pro,Premium,Téléphone,369.72,0,0.0,1.0,1,0,2.0,1,2023-10-08,2023-11-02,1
CLT00725,44,Marié(e),Fonctionnaire,Grand Est,132,Assurance Habitation,Confort,Téléphone,70.4,0,0.0,,1,0,4.0,0,2023-04-18,2023-07-12,0
CLT00726,29,Veuf/Veuve,Retraité,Auvergne-Rhône-Alpes,36,Assurance Vie,Confort,Agence,80.39,0,0.0,,2,1,4.0,0,2022-04-03,2024-04-11,0
CLT00727,32,Veuf/Veuve,Retraité,Auvergne-Rhône-Alpes,144,Multirisque Pro,Essentiel,Web,208.91,1,1353.65,0.0,0,2,5.0,0,2022-11-28,2024-03-03,0
CLT00728,52,Veuf/Veuve,Salarié,Occitanie,84,Assurance Auto,Essentiel,Téléphone,75.16,0,0.0,1.0,2,0,5.0,1,2022-09-14,2023-08-11,0
CLT00729,36,Célibataire,Retraité,PACA,156,Assurance Habitation,Premium,Agence,104.81,2,4239.99,3.0,2,0,3.0,0,2023-10-12,2024-04-14,0
CLT00730,41,Veuf/Veuve,Sans emploi,Auvergne-Rhône-Alpes,24,Assurance Auto,Premium,Téléphone,165.19,0,0.0,0.0,0,0,3.0,0,2023-01-25,2023-03-10,0
CLT00731,41,En couple,Indépendant,Auvergne-Rhône-Alpes,156,Assurance Habitation,Confort,Web,73.25,1,1129.6,2.0,1,0,5.0,0,2023-12-31,2024-01-13,0
CLT00732,32,Marié(e),Indépendant,Hauts-de-France,96,Assurance Vie,Confort,Courtier,95.82,1,1900.92,1.0,1,0,4.0,0,2022-05-01,2022-09-12,0
CLT00733,72,Veuf/Veuve,Retraité,Île-de-France,36,Assurance Habitation,Essentiel,Courtier,43.12,1,245.15,0.0,3,0,,0,2023-05-26,2024-02-28,0
CLT00734,33,En couple,Sans emploi,Occitanie,120,Assurance Auto,Premium,Téléphone,180.98,1,2274.47,1.0,3,0,4.0,0,2023-11-07,2024-03-07,1
CLT00735,28,Célibataire,Indépendant,PACA,48,Assurance Vie,Confort,Téléphone,78.08,0,0.0,3.0,0,0,5.0,0,2023-07-15,2023-12-04,0
CLT00736,25,En couple,Indépendant,Île-de-France,108,Multirisque Pro,Premium,Web,372.49,1,2506.48,3.0,0,1,3.0,0,2022-02-26,2023-12-26,0
CLT00737,37,Marié(e),Fonctionnaire,Île-de-France,12,Assurance Santé,Essentiel,Web,139.25,2,4576.11,0.0,3,0,2.0,0,2022-03-31,2022-05-20,0
CLT00738,51,Marié(e),Sans emploi,Auvergne-Rhône-Alpes,48,Assurance Auto,Confort,Web,95.36,0,0.0,1.0,3,0,3.0,1,2023-11-08,2024-05-03,1
CLT00739,45,Marié(e),Salarié,Hauts-de-France,24,Multirisque Pro,Premium,Web,360.0,1,2411.93,1.0,2,3,4.0,0,2022-04-06,2024-05-31,1
CLT00740,36,Célibataire,Retraité,Grand Est,36,Assurance Santé,Confort,Courtier,166.78,0,0.0,1.0,0,0,4.0,1,2023-07-18,2023-08-20,1
CLT00741,27,Marié(e),Fonctionnaire,PACA,84,Assurance Santé,Confort,Web,196.61,0,0.0,0.0,0,0,3.0,0,2023-06-24,2024-01-21,0
CLT00742,50,Célibataire,Sans emploi,Île-de-France,120,Multirisque Pro,Essentiel,Web,238.26,0,0.0,3.0,1,0,3.0,0,2023-10-07,2023-11-20,1
CLT00743,33,Marié(e),Fonctionnaire,Grand Est,36,Assurance Vie,Premium,Courtier,114.06,1,1469.57,5.0,1,0,2.0,0,2023-06-23,2024-04-12,0
CLT00744,41,Veuf/Veuve,Retraité,Hauts-de-France,120,Multirisque Pro,Confort,Web,314.28,3,7839.79,1.0,2,0,5.0,0,2022-07-04,2024-03-19,0
CLT00745,37,Célibataire,Salarié,Occitanie,12,Assurance Habitation,Premium,Courtier,84.52,4,2904.77,0.0,1,0,2.0,0,2022-01-25,2023-05-16,1
CLT00746,52,Veuf/Veuve,Salarié,Grand Est,12,Assurance Auto,Premium,Web,177.41,0,0.0,0.0,2,0,3.0,0,2022-12-08,2023-12-01,0
CLT00747,69,En couple,Fonctionnaire,Île-de-France,108,Multirisque Pro,Premium,Web,411.22,0,0.0,1.0,1,1,5.0,0,2022-09-18,2022-11-26,0
CLT00748,64,Célibataire,Fonctionnaire,Île-de-France,120,Assurance Santé,Confort,Courtier,199.59,0,0.0,2.0,1,0,4.0,1,2022-12-16,2024-01-25,0
CLT00749,71,En couple,Fonctionnaire,Auvergne-Rhône-Alpes,156,Multirisque Pro,Premium,Agence,394.27,0,0.0,4.0,0,0,3.0,0,2022-12-13,2024-04-16,1
CLT00750,41,En couple,Retraité,Hauts-de-France,48,Assurance Vie,Essentiel,Web,70.21,0,0.0,0.0,1,0,4.0,1,2023-07-04,2023-12-22,0
CLT00751,27,Marié(e),Sans emploi,Nouvelle-Aquitaine,168,Assurance Vie,Confort,Agence,96.54,0,0.0,0.0,2,0,5.0,0,2023-07-03,2023-07-12,0
CLT00752,51,Célibataire,Indépendant,Bretagne,108,Assurance Habitation,Premium,Courtier,105.15,1,401.34,3.0,2,0,5.0,0,2022-10-15,2022-11-15,0
CLT00753,46,En couple,Sans emploi,Grand Est,24,Assurance Santé,Confort,Web,160.82,0,0.0,0.0,0,0,2.0,0,2022-04-30,2024-06-07,0
CLT00754,62,Marié(e),Retraité,Île-de-France,24,Assurance Santé,Premium,Courtier,219.17,0,0.0,2.0,0,0,5.0,0,2022-03-30,2023-08-20,0
CLT00755,31,En couple,Sans emploi,Nouvelle-Aquitaine,132,Assurance Habitation,Confort,Téléphone,74.2,0,0.0,2.0,2,0,4.0,1,2022-11-06,2023-05-04,0
CLT00756,68,Célibataire,Retraité,Occitanie,168,Assurance Auto,Confort,Agence,114.48,2,4917.56,0.0,3,0,4.0,0,2023-06-03,2023-06-15,0
CLT00757,29,Marié(e),Retraité,Occitanie,36,Assurance Vie,Premium,Web,113.03,0,0.0,0.0,0,0,5.0,1,2023-06-21,2023-11-26,1
CLT00758,53,En couple,Salarié,Auvergne-Rhône-Alpes,132,Assurance Santé,Essentiel,Agence,140.93,1,1262.88,2.0,3,0,5.0,0,2023-04-16,2023-10-31,0
CLT00759,69,Célibataire,Sans emploi,Nouvelle-Aquitaine,132,Multirisque Pro,Essentiel,Agence,184.72,1,1923.55,0.0,0,0,4.0,0,2022-03-31,2023-03-07,0
CLT00760,63,Célibataire,Sans emploi,Nouvelle-Aquitaine,156,Assurance Vie,Essentiel,Agence,61.74,0,0.0,0.0,0,0,4.0,0,2022-11-16,2023-06-18,0
CLT00761,43,Marié(e),Sans emploi,Nouvelle-Aquitaine,156,Assurance Santé,Essentiel,Web,136.1,2,4168.85,0.0,3,2,3.0,0,2022-11-23,2024-02-17,0
CLT00762,68,Marié(e),Salarié,Auvergne-Rhône-Alpes,24,Assurance Auto,Confort,Web,104.72,2,921.4,1.0,3,0,4.0,0,2022-01-16,2023-10-15,0
CLT00763,64,Marié(e),Sans emploi,Occitanie,12,Multirisque Pro,Premium,Agence,414.39,0,0.0,4.0,2,0,5.0,0,2022-11-23,2023-08-27,0
CLT00764,66,En couple,Salarié,Occitanie,168,Assurance Habitation,Premium,Courtier,89.55,0,0.0,,3,0,2.0,0,2022-11-15,2023-10-27,0
CLT00765,52,Célibataire,Retraité,Auvergne-Rhône-Alpes,168,Multirisque Pro,Confort,Agence,319.14,1,308.68,0.0,3,0,4.0,0,2023-11-23,2023-12-05,0
CLT00766,26,Veuf/Veuve,Retraité,PACA,84,Assurance Auto,Confort,Agence,96.78,2,2466.33,3.0,0,0,3.0,0,2022-07-03,2024-06-23,0
CLT00767,39,Marié(e),Fonctionnaire,Bretagne,108,Multirisque Pro,Premium,Téléphone,403.79,1,2498.35,0.0,0,1,,0,2022-07-22,2024-06-07,0
CLT00768,50,Célibataire,Retraité,Auvergne-Rhône-Alpes,36,Multirisque Pro,Essentiel,Téléphone,228.51,0,0.0,1.0,0,1,3.0,0,2022-04-10,2023-07-20,1
CLT00769,44,En couple,Indépendant,Hauts-de-France,132,Assurance Santé,Premium,Téléphone,276.71,0,0.0,0.0,2,0,5.0,0,2022-05-28,2024-02-18,0
CLT00770,72,Marié(e),Fonctionnaire,Auvergne-Rhône-Alpes,108,Assurance Santé,Confort,Téléphone,183.99,0,0.0,0.0,3,0,5.0,0,2023-04-10,2023-12-15,0
CLT00771,31,Marié(e),Retraité,PACA,48,Assurance Auto,Essentiel,Téléphone,84.4,1,1448.04,2.0,1,0,5.0,1,2023-04-18,2024-06-24,0
CLT00772,42,Célibataire,Retraité,Auvergne-Rhône-Alpes,108,Assurance Habitation,Confort,Courtier,64.7,0,0.0,4.0,2,1,4.0,0,2024-01-02,2024-01-29,0
CLT00773,46,Veuf/Veuve,Retraité,Nouvelle-Aquitaine,132,Assurance Santé,Premium,Agence,277.77,0,0.0,3.0,2,0,3.0,1,2023-08-28,2024-03-26,0
CLT00774,67,Veuf/Veuve,Retraité,Auvergne-Rhône-Alpes,12,Assurance Habitation,Premium,Web,89.23,0,0.0,0.0,2,1,4.0,0,2022-03-09,2023-02-20,0
CLT00775,40,Marié(e),Sans emploi,Grand Est,96,Assurance Habitation,Premium,Téléphone,92.17,0,0.0,0.0,0,0,1.0,1,2023-12-12,2024-02-10,1
CLT00776,50,Célibataire,Sans emploi,Hauts-de-France,12,Assurance Habitation,Premium,Agence,78.34,3,7945.1,1.0,2,1,3.0,0,2023-09-03,2024-04-27,0
CLT00777,40,En couple,Fonctionnaire,Hauts-de-France,96,Assurance Santé,Premium,Agence,253.57,0,0.0,0.0,1,0,2.0,1,2023-02-20,2023-03-27,0
CLT00778,38,Veuf/Veuve,Salarié,Bretagne,144,Multirisque Pro,Essentiel,Téléphone,191.67,0,0.0,2.0,2,2,3.0,0,2022-04-03,2022-11-11,1
CLT00779,65,En couple,Retraité,Auvergne-Rhône-Alpes,84,Assurance Habitation,Premium,Agence,95.82,0,0.0,0.0,1,0,4.0,1,2023-06-29,2023-11-25,0
CLT00780,58,En couple,Fonctionnaire,Occitanie,84,Assurance Vie,Premium,Téléphone,106.41,1,643.67,2.0,3,0,5.0,0,2022-11-03,2024-06-08,0
CLT00781,66,Célibataire,Sans emploi,PACA,156,Assurance Santé,Confort,Courtier,171.72,1,1834.99,0.0,0,0,2.0,0,2023-06-07,2023-12-30,0
CLT00782,28,Célibataire,Salarié,Bretagne,24,Assurance Habitation,Confort,Agence,63.71,1,654.11,1.0,1,0,5.0,1,2023-12-22,2024-05-13,0
CLT00783,24,En couple,Retraité,Île-de-France,36,Assurance Santé,Essentiel,Courtier,107.57,1,941.49,,2,2,4.0,0,2023-12-21,2024-05-20,1
CLT00784,53,Veuf/Veuve,Retraité,Grand Est,48,Assurance Vie,Premium,Courtier,129.54,0,0.0,0.0,1,1,3.0,0,2023-03-22,2023-12-26,0
CLT00785,73,En couple,Indépendant,Hauts-de-France,108,Assurance Habitation,Premium,Web,94.8,1,1350.61,1.0,2,0,4.0,0,2023-07-23,2024-02-04,1
CLT00786,35,En couple,Indépendant,Nouvelle-Aquitaine,144,Assurance Santé,Confort,Web,159.02,2,4979.96,0.0,0,0,4.0,0,2022-01-12,2022-03-26,0
CLT00787,39,En couple,Salarié,Grand Est,144,Assurance Auto,Essentiel,Téléphone,79.14,0,0.0,5.0,0,1,5.0,0,2022-05-21,2024-03-08,0
CLT00788,68,Veuf/Veuve,Sans emploi,Auvergne-Rhône-Alpes,24,Assurance Vie,Confort,Téléphone,82.57,0,0.0,1.0,2,1,2.0,0,2023-03-11,2023-12-18,0
CLT00789,24,En couple,Retraité,Occitanie,84,Assurance Vie,Confort,Courtier,79.13,0,0.0,1.0,1,0,5.0,0,2023-09-12,2023-09-15,0
CLT00790,35,Veuf/Veuve,Sans emploi,Nouvelle-Aquitaine,12,Multirisque Pro,Confort,Web,329.53,0,0.0,,2,0,5.0,1,2023-08-14,2024-02-17,0
CLT00791,44,Célibataire,Sans emploi,Bretagne,156,Assurance Auto,Essentiel,Téléphone,82.26,0,0.0,1.0,2,0,,0,2023-05-09,2024-04-26,0
CLT00792,36,Célibataire,Sans emploi,Hauts-de-France,168,Assurance Auto,Essentiel,Courtier,80.28,0,0.0,4.0,3,1,5.0,0,2023-09-17,2023-11-01,0
CLT00793,39,Célibataire,Fonctionnaire,Nouvelle-Aquitaine,132,Assurance Habitation,Confort,Agence,53.76,0,0.0,0.0,0,0,5.0,0,2023-07-02,2023-07-07,0
CLT00794,35,Veuf/Veuve,Fonctionnaire,Bretagne,120,Assurance Vie,Confort,Téléphone,93.56,3,7148.24,0.0,3,0,4.0,0,2022-10-29,2023-08-21,0
CLT00795,36,Célibataire,Retraité,Nouvelle-Aquitaine,120,Assurance Habitation,Essentiel,Courtier,40.91,0,0.0,1.0,2,2,3.0,0,2023-08-16,2023-11-10,0
CLT00796,57,Marié(e),Retraité,Île-de-France,96,Multirisque Pro,Essentiel,Courtier,173.07,1,1444.54,0.0,1,0,,0,2022-03-26,2022-08-02,0
CLT00797,58,En couple,Sans emploi,Nouvelle-Aquitaine,132,Multirisque Pro,Essentiel,Courtier,197.04,0,0.0,0.0,0,0,2.0,0,2022-10-15,2023-07-23,1
CLT00798,31,En couple,Retraité,Auvergne-Rhône-Alpes,24,Assurance Santé,Essentiel,Agence,129.71,0,0.0,2.0,0,0,4.0,0,2023-01-14,2023-07-12,1
CLT00799,54,En couple,Sans emploi,Hauts-de-France,60,Assurance Santé,Premium,Web,221.46,0,0.0,1.0,3,0,5.0,0,2022-02-03,2023-01-20,0
CLT00800,27,Veuf/Veuve,Retraité,Hauts-de-France,108,Assurance Auto,Essentiel,Web,69.8,1,1845.52,3.0,2,0,4.0,0,2022-09-01,2023-11-25,1
CLT00801,67,Marié(e),Salarié,Île-de-France,48,Assurance Habitation,Essentiel,Courtier,44.13,1,401.55,0.0,2,1,3.0,0,2022-02-23,2022-08-13,0
CLT00802,36,Veuf/Veuve,Sans emploi,Nouvelle-Aquitaine,12,Assurance Vie,Confort,Téléphone,80.32,0,0.0,0.0,0,0,5.0,0,2022-08-28,2023-09-20,0
CLT00803,30,Veuf/Veuve,Salarié,Auvergne-Rhône-Alpes,72,Assurance Vie,Confort,Courtier,78.24,1,1327.48,0.0,2,0,3.0,0,2022-10-23,2024-01-25,1
CLT00804,67,Célibataire,Sans emploi,Île-de-France,108,Assurance Vie,Premium,Courtier,109.91,0,0.0,0.0,0,0,3.0,0,2023-10-15,2024-04-13,0
CLT00805,52,Marié(e),Fonctionnaire,Bretagne,132,Assurance Vie,Premium,Courtier,141.65,0,0.0,,2,0,,0,2022-04-11,2022-12-28,0
CLT00806,74,En couple,Sans emploi,Occitanie,132,Multirisque Pro,Confort,Téléphone,314.18,1,2008.13,0.0,3,0,4.0,0,2022-12-12,2023-06-14,0
CLT00807,66,Célibataire,Salarié,Île-de-France,120,Assurance Santé,Premium,Agence,220.56,2,4345.16,1.0,3,0,4.0,0,2023-02-26,2023-04-17,0
CLT00808,30,En couple,Fonctionnaire,Bretagne,156,Multirisque Pro,Essentiel,Téléphone,206.03,0,0.0,1.0,1,0,4.0,0,2022-09-15,2023-03-31,0
CLT00809,60,En couple,Sans emploi,Île-de-France,96,Assurance Auto,Essentiel,Agence,82.76,0,0.0,1.0,0,0,4.0,0,2023-10-16,2023-12-17,0
CLT00810,23,En couple,Salarié,Grand Est,24,Assurance Auto,Essentiel,Web,85.33,0,0.0,3.0,2,0,3.0,0,2023-12-14,2024-01-30,1
CLT00811,67,Veuf/Veuve,Fonctionnaire,PACA,168,Assurance Santé,Confort,Téléphone,159.16,0,0.0,0.0,2,0,1.0,0,2023-03-14,2024-03-02,0
CLT00812,33,Marié(e),Salarié,PACA,84,Assurance Santé,Confort,Web,170.38,0,0.0,,2,3,4.0,0,2023-01-27,2024-02-28,0
CLT00813,47,En couple,Retraité,Nouvelle-Aquitaine,48,Assurance Santé,Essentiel,Courtier,120.76,0,0.0,2.0,0,1,4.0,0,2022-03-13,2023-07-29,0
CLT00814,53,Veuf/Veuve,Salarié,Auvergne-Rhône-Alpes,120,Assurance Habitation,Premium,Téléphone,95.91,0,0.0,0.0,3,0,4.0,0,2022-05-28,2023-12-02,0
CLT00815,24,Marié(e),Salarié,Hauts-de-France,120,Assurance Vie,Essentiel,Agence,64.94,1,1001.43,1.0,0,1,4.0,1,2022-02-05,2022-04-20,0
CLT00816,40,Célibataire,Retraité,Hauts-de-France,156,Assurance Auto,Premium,Courtier,136.3,0,0.0,3.0,1,0,2.0,0,2022-06-02,2024-03-31,1
CLT00817,24,En couple,Fonctionnaire,Nouvelle-Aquitaine,84,Assurance Auto,Essentiel,Téléphone,83.61,0,0.0,1.0,2,2,3.0,0,2023-02-05,2023-02-08,0
CLT00818,32,Veuf/Veuve,Retraité,Hauts-de-France,108,Multirisque Pro,Premium,Téléphone,353.16,0,0.0,5.0,3,0,3.0,0,2022-03-13,2023-09-17,0
CLT00819,35,Célibataire,Sans emploi,Hauts-de-France,144,Assurance Habitation,Essentiel,Téléphone,44.13,0,0.0,2.0,2,0,5.0,0,2023-07-03,2024-01-02,0
CLT00820,52,Célibataire,Salarié,Grand Est,108,Assurance Santé,Premium,Courtier,252.94,1,2590.82,0.0,0,0,5.0,0,2023-01-10,2023-12-24,0
CLT00821,49,En couple,Sans emploi,Occitanie,36,Assurance Auto,Confort,Courtier,114.66,0,0.0,1.0,0,2,5.0,1,2022-02-10,2023-03-10,0
CLT00822,43,Marié(e),Retraité,PACA,156,Assurance Habitation,Confort,Téléphone,60.98,1,2611.12,0.0,2,1,4.0,1,2022-03-28,2024-01-04,0
CLT00823,25,Célibataire,Indépendant,Auvergne-Rhône-Alpes,24,Assurance Vie,Premium,Web,142.8,0,0.0,2.0,1,0,5.0,0,2022-01-26,2024-02-02,0
CLT00824,54,Célibataire,Sans emploi,Grand Est,96,Multirisque Pro,Essentiel,Téléphone,228.58,4,1052.77,0.0,2,0,4.0,0,2023-10-21,2024-01-07,0
CLT00825,30,Célibataire,Fonctionnaire,Île-de-France,36,Assurance Vie,Premium,Téléphone,115.63,1,2041.81,4.0,1,0,4.0,0,2022-02-27,2023-02-07,0
CLT00826,34,Veuf/Veuve,Sans emploi,Occitanie,24,Assurance Auto,Confort,Agence,105.37,0,0.0,0.0,2,0,2.0,0,2022-06-02,2024-06-29,1
CLT00827,41,En couple,Retraité,Île-de-France,96,Multirisque Pro,Essentiel,Agence,198.33,0,0.0,0.0,1,0,5.0,0,2023-11-01,2023-11-05,0
CLT00828,38,En couple,Salarié,Occitanie,144,Assurance Vie,Premium,Agence,112.01,3,5671.45,,1,0,4.0,0,2022-06-26,2024-04-03,0
CLT00829,66,En couple,Sans emploi,Hauts-de-France,108,Assurance Auto,Confort,Agence,102.59,0,0.0,1.0,1,0,5.0,0,2022-03-07,2024-06-21,0
CLT00830,52,Célibataire,Indépendant,Occitanie,84,Assurance Auto,Essentiel,Téléphone,78.99,0,0.0,2.0,0,0,5.0,0,2023-03-13,2023-09-01,0
CLT00831,35,Marié(e),Indépendant,Auvergne-Rhône-Alpes,12,Assurance Vie,Confort,Agence,93.34,0,0.0,0.0,2,0,5.0,0,2022-02-16,2023-10-16,0
CLT00832,40,Marié(e),Indépendant,PACA,60,Assurance Habitation,Confort,Agence,69.43,1,2175.85,1.0,0,1,4.0,0,2023-03-02,2023-05-27,1
CLT00833,27,En couple,Sans emploi,Hauts-de-France,108,Assurance Santé,Premium,Web,274.56,1,2705.33,0.0,2,0,5.0,0,2022-02-11,2022-06-27,0
CLT00834,61,Célibataire,Retraité,Auvergne-Rhône-Alpes,36,Assurance Auto,Premium,Téléphone,145.89,1,2731.3,,0,1,5.0,1,2022-03-24,2022-03-30,0
CLT00835,35,Veuf/Veuve,Retraité,Nouvelle-Aquitaine,132,Assurance Auto,Essentiel,Agence,76.28,2,5107.38,1.0,3,0,4.0,0,2023-12-10,2024-01-11,0
CLT00836,46,Veuf/Veuve,Indépendant,Hauts-de-France,156,Assurance Habitation,Essentiel,Courtier,51.81,1,640.26,1.0,0,0,4.0,0,2022-06-28,2024-03-14,0
CLT00837,50,Célibataire,Fonctionnaire,Hauts-de-France,84,Assurance Auto,Premium,Web,168.31,0,0.0,1.0,1,0,5.0,0,2022-12-23,2024-02-24,0
CLT00838,66,Célibataire,Sans emploi,Occitanie,156,Assurance Auto,Premium,Web,139.15,0,0.0,1.0,3,0,1.0,0,2022-04-08,2024-01-01,0
CLT00839,38,En couple,Fonctionnaire,Hauts-de-France,84,Assurance Santé,Premium,Web,214.07,0,0.0,1.0,3,0,2.0,0,2022-02-24,2022-09-10,0
CLT00840,22,En couple,Indépendant,Hauts-de-France,12,Assurance Auto,Essentiel,Téléphone,73.32,0,0.0,2.0,0,0,4.0,0,2023-11-18,2023-11-29,0
CLT00841,38,En couple,Retraité,Nouvelle-Aquitaine,168,Assurance Auto,Premium,Courtier,156.02,0,0.0,1.0,1,0,5.0,0,2022-09-15,2023-08-23,0
CLT00842,68,Célibataire,Sans emploi,PACA,168,Multirisque Pro,Confort,Agence,333.48,4,6541.18,4.0,0,0,5.0,0,2022-06-30,2022-12-08,0
CLT00843,28,En couple,Retraité,PACA,48,Assurance Auto,Confort,Agence,119.3,0,0.0,0.0,2,0,3.0,0,2023-08-30,2024-06-21,0
CLT00844,50,En couple,Salarié,Bretagne,120,Assurance Santé,Confort,Web,186.22,0,0.0,3.0,2,0,5.0,0,2022-11-30,2023-07-21,0
CLT00845,57,Veuf/Veuve,Indépendant,Occitanie,12,Assurance Auto,Essentiel,Téléphone,75.76,4,9208.85,1.0,1,1,4.0,0,2022-03-17,2023-07-12,1
CLT00846,51,En couple,Indépendant,Grand Est,36,Multirisque Pro,Confort,Agence,239.55,0,0.0,0.0,2,0,3.0,0,2023-09-17,2024-05-06,0
CLT00847,48,Veuf/Veuve,Indépendant,Auvergne-Rhône-Alpes,72,Assurance Habitation,Confort,Courtier,73.89,0,0.0,5.0,1,0,4.0,0,2023-10-10,2024-04-10,0
CLT00848,23,Célibataire,Sans emploi,Auvergne-Rhône-Alpes,96,Assurance Santé,Essentiel,Courtier,104.3,0,0.0,2.0,2,0,4.0,0,2022-03-03,2022-12-15,1
CLT00849,47,Veuf/Veuve,Indépendant,Hauts-de-France,24,Assurance Habitation,Essentiel,Téléphone,39.63,1,2760.93,0.0,3,0,4.0,0,2022-12-18,2023-07-31,1
CLT00850,52,En couple,Salarié,Auvergne-Rhône-Alpes,96,Assurance Santé,Premium,Web,287.14,0,0.0,1.0,3,0,4.0,0,2023-02-26,2024-05-09,0
CLT00851,30,Veuf/Veuve,Fonctionnaire,Hauts-de-France,48,Multirisque Pro,Confort,Web,250.56,0,0.0,0.0,0,3,4.0,0,2022-01-15,2024-02-01,0
CLT00852,37,Marié(e),Retraité,Occitanie,96,Assurance Vie,Premium,Web,126.24,3,7880.21,5.0,1,0,3.0,0,2023-08-17,2023-12-08,0
CLT00853,50,Célibataire,Salarié,Grand Est,72,Multirisque Pro,Essentiel,Agence,187.43,0,0.0,0.0,2,0,4.0,0,2023-04-27,2024-05-06,0
CLT00854,31,Veuf/Veuve,Salarié,Grand Est,24,Multirisque Pro,Essentiel,Téléphone,214.27,0,0.0,,2,0,5.0,0,2023-04-09,2023-12-18,0
CLT00855,42,En couple,Indépendant,Grand Est,12,Assurance Habitation,Essentiel,Agence,44.42,0,0.0,4.0,1,1,4.0,0,2023-01-03,2023-11-01,0
CLT00856,65,Veuf/Veuve,Fonctionnaire,Île-de-France,84,Assurance Habitation,Premium,Agence,84.8,0,0.0,0.0,0,0,4.0,0,2022-06-15,2024-06-04,0
CLT00857,49,Veuf/Veuve,Indépendant,Hauts-de-France,168,Assurance Vie,Premium,Agence,123.27,2,1739.65,1.0,2,0,2.0,0,2023-12-22,2024-04-03,0
CLT00858,23,Célibataire,Retraité,Île-de-France,12,Assurance Habitation,Confort,Téléphone,67.96,0,0.0,1.0,1,0,4.0,0,2023-12-09,2024-03-03,0
CLT00859,51,Marié(e),Sans emploi,Grand Est,144,Multirisque Pro,Essentiel,Courtier,236.09,0,0.0,1.0,0,0,4.0,0,2023-07-10,2024-04-29,1
CLT00860,74,Célibataire,Sans emploi,Bretagne,12,Assurance Habitation,Premium,Agence,83.04,2,5095.88,1.0,0,0,4.0,0,2023-11-22,2024-02-23,0
CLT00861,68,Veuf/Veuve,Sans emploi,Bretagne,156,Assurance Auto,Essentiel,Téléphone,85.21,2,3166.47,,3,0,2.0,0,2022-02-11,2023-02-20,0
CLT00862,40,En couple,Fonctionnaire,Occitanie,132,Assurance Santé,Essentiel,Agence,107.68,1,1342.07,1.0,2,0,3.0,0,2022-09-02,2024-03-07,1
CLT00863,65,En couple,Fonctionnaire,Occitanie,108,Assurance Auto,Premium,Téléphone,153.72,4,2969.63,0.0,2,0,3.0,0,2022-12-28,2023-09-27,0
CLT00864,61,Célibataire,Salarié,Nouvelle-Aquitaine,36,Multirisque Pro,Premium,Téléphone,425.52,2,486.51,1.0,1,0,4.0,0,2023-01-17,2024-01-05,0
CLT00865,38,Marié(e),Retraité,Hauts-de-France,96,Assurance Vie,Confort,Agence,97.5,0,0.0,2.0,3,2,4.0,0,2023-09-28,2024-04-03,0
CLT00866,70,Célibataire,Retraité,PACA,108,Assurance Auto,Essentiel,Téléphone,75.71,0,0.0,2.0,2,1,5.0,0,2022-07-03,2023-04-24,0
CLT00867,73,Célibataire,Indépendant,Nouvelle-Aquitaine,36,Assurance Auto,Essentiel,Web,84.16,0,0.0,0.0,0,0,4.0,0,2023-05-24,2023-08-09,0
CLT00868,44,Veuf/Veuve,Sans emploi,Nouvelle-Aquitaine,144,Assurance Habitation,Premium,Agence,92.0,2,2712.3,1.0,0,0,4.0,0,2022-05-16,2023-09-13,0
CLT00869,66,Marié(e),Indépendant,Île-de-France,132,Assurance Santé,Confort,Téléphone,180.64,0,0.0,1.0,2,0,3.0,1,2022-03-06,2022-03-28,1
CLT00870,22,Marié(e),Fonctionnaire,Grand Est,24,Assurance Habitation,Premium,Courtier,103.7,1,672.73,2.0,0,3,3.0,0,2023-05-13,2024-03-11,1
CLT00871,40,Marié(e),Sans emploi,Hauts-de-France,156,Multirisque Pro,Premium,Téléphone,421.94,0,0.0,1.0,2,0,4.0,0,2022-05-16,2023-03-25,0
CLT00872,65,Marié(e),Fonctionnaire,Hauts-de-France,156,Assurance Habitation,Confort,Web,67.33,1,2809.36,0.0,3,0,3.0,0,2022-02-18,2022-07-19,0
CLT00873,59,En couple,Sans emploi,Auvergne-Rhône-Alpes,24,Assurance Santé,Confort,Téléphone,194.54,4,3533.52,2.0,3,0,3.0,0,2022-10-20,2023-04-24,0
CLT00874,26,En couple,Salarié,Auvergne-Rhône-Alpes,84,Assurance Habitation,Premium,Web,85.16,0,0.0,1.0,1,0,3.0,0,2022-02-12,2023-01-02,1
CLT00875,64,Marié(e),Indépendant,Nouvelle-Aquitaine,84,Multirisque Pro,Essentiel,Téléphone,180.76,3,6962.74,2.0,2,0,5.0,0,2022-07-30,2024-02-25,0
CLT00876,53,En couple,Fonctionnaire,Bretagne,48,Assurance Auto,Premium,Courtier,163.04,0,0.0,2.0,0,1,5.0,0,2023-04-05,2024-01-06,0
CLT00877,33,Célibataire,Retraité,PACA,132,Assurance Habitation,Premium,Courtier,86.42,0,0.0,0.0,3,0,3.0,0,2023-05-27,2024-06-23,0
CLT00878,39,Célibataire,Sans emploi,Auvergne-Rhône-Alpes,120,Assurance Habitation,Confort,Courtier,61.16,4,1941.87,1.0,3,0,5.0,0,2023-06-04,2023-11-20,1
CLT00879,35,Veuf/Veuve,Fonctionnaire,Auvergne-Rhône-Alpes,48,Assurance Santé,Confort,Courtier,192.37,0,0.0,1.0,3,0,5.0,0,2023-12-07,2024-01-04,0
CLT00880,42,Marié(e),Salarié,PACA,120,Assurance Vie,Essentiel,Web,61.46,2,4887.57,1.0,3,0,4.0,0,2023-02-16,2023-12-29,0
CLT00881,28,Marié(e),Salarié,PACA,72,Assurance Habitation,Confort,Courtier,54.86,1,1258.98,2.0,0,0,5.0,0,2023-09-15,2023-12-23,0
CLT00882,31,En couple,Salarié,Nouvelle-Aquitaine,132,Multirisque Pro,Premium,Web,476.23,4,3804.69,0.0,2,1,2.0,0,2022-03-27,2023-09-29,1
CLT00883,22,En couple,Retraité,Grand Est,96,Assurance Vie,Premium,Agence,131.86,0,0.0,,0,0,5.0,0,2022-11-22,2024-04-28,0
CLT00884,27,En couple,Retraité,Grand Est,96,Assurance Auto,Premium,Courtier,149.13,0,0.0,1.0,2,0,2.0,0,2023-01-14,2024-02-13,0
CLT00885,62,Marié(e),Fonctionnaire,Bretagne,24,Assurance Santé,Essentiel,Courtier,122.21,0,0.0,1.0,1,0,,0,2023-04-02,2024-06-22,1
CLT00886,44,Veuf/Veuve,Retraité,Hauts-de-France,108,Multirisque Pro,Essentiel,Web,187.5,1,1838.55,0.0,0,0,5.0,0,2022-10-23,2023-04-08,0
CLT00887,30,Célibataire,Indépendant,Auvergne-Rhône-Alpes,48,Assurance Vie,Premium,Téléphone,129.75,3,6729.3,0.0,3,0,3.0,0,2022-08-01,2023-06-07,0
CLT00888,47,Veuf/Veuve,Salarié,PACA,132,Assurance Vie,Premium,Courtier,115.45,2,2691.66,2.0,2,1,4.0,1,2022-01-07,2023-03-02,0
CLT00889,29,En couple,Indépendant,Hauts-de-France,132,Assurance Santé,Confort,Web,189.91,1,755.92,1.0,1,0,4.0,0,2022-07-10,2023-08-04,0
CLT00890,63,Marié(e),Sans emploi,Île-de-France,12,Assurance Santé,Premium,Téléphone,244.55,0,0.0,2.0,0,0,3.0,0,2022-11-08,2024-03-27,1
CLT00891,74,Célibataire,Salarié,Occitanie,60,Multirisque Pro,Premium,Téléphone,356.51,1,993.23,0.0,0,1,3.0,0,2022-06-07,2023-03-02,0
CLT00892,33,Marié(e),Retraité,PACA,24,Assurance Santé,Premium,Téléphone,251.14,0,0.0,2.0,1,0,2.0,1,2022-07-03,2023-11-18,1
CLT00893,31,Veuf/Veuve,Salarié,Nouvelle-Aquitaine,120,Assurance Habitation,Essentiel,Agence,44.79,0,0.0,0.0,1,0,5.0,0,2023-09-06,2024-03-09,0
CLT00894,68,Veuf/Veuve,Salarié,Nouvelle-Aquitaine,108,Multirisque Pro,Confort,Téléphone,261.68,1,750.92,,3,0,5.0,0,2023-01-18,2024-06-25,0
CLT00895,64,Célibataire,Indépendant,Auvergne-Rhône-Alpes,168,Multirisque Pro,Essentiel,Courtier,224.83,3,1663.91,1.0,0,0,5.0,0,2022-11-24,2024-03-10,0
CLT00896,56,Marié(e),Fonctionnaire,Île-de-France,156,Assurance Habitation,Confort,Web,57.85,2,4894.34,1.0,2,2,4.0,1,2023-03-06,2024-01-25,1
CLT00897,64,Célibataire,Sans emploi,Nouvelle-Aquitaine,60,Assurance Santé,Essentiel,Courtier,104.37,2,2050.4,0.0,0,0,5.0,0,2022-07-18,2024-04-21,0
CLT00898,31,Marié(e),Fonctionnaire,Bretagne,144,Assurance Habitation,Essentiel,Web,40.38,1,536.7,,1,0,3.0,0,2022-10-05,2023-10-11,0
CLT00899,32,Célibataire,Indépendant,Auvergne-Rhône-Alpes,72,Assurance Auto,Premium,Courtier,136.16,3,1531.73,1.0,1,0,3.0,0,2023-06-15,2023-11-06,1
CLT00900,31,En couple,Salarié,Bretagne,48,Assurance Santé,Confort,Téléphone,200.48,3,8144.24,2.0,3,0,4.0,0,2022-08-12,2023-01-17,0
CLT00901,63,Veuf/Veuve,Retraité,PACA,156,Multirisque Pro,Essentiel,Web,230.99,0,0.0,0.0,2,0,3.0,0,2022-03-20,2022-07-17,0
CLT00902,36,Marié(e),Fonctionnaire,Bretagne,72,Assurance Habitation,Essentiel,Téléphone,44.92,0,0.0,0.0,2,0,5.0,0,2022-05-23,2023-08-18,0
CLT00903,26,Marié(e),Salarié,Auvergne-Rhône-Alpes,168,Multirisque Pro,Premium,Courtier,428.08,0,0.0,2.0,1,1,4.0,0,2022-05-02,2022-12-15,0
CLT00904,24,Marié(e),Indépendant,Occitanie,60,Assurance Habitation,Premium,Web,97.54,0,0.0,0.0,2,3,5.0,0,2022-08-03,2022-12-14,0
CLT00905,54,Célibataire,Retraité,PACA,120,Assurance Auto,Confort,Agence,99.25,0,0.0,0.0,3,0,5.0,0,2023-03-18,2023-04-08,0
CLT00906,69,Veuf/Veuve,Salarié,Île-de-France,144,Assurance Habitation,Essentiel,Agence,43.29,1,1893.44,1.0,0,0,4.0,0,2022-09-17,2022-10-31,1
CLT00907,31,Célibataire,Sans emploi,PACA,156,Assurance Auto,Confort,Agence,115.61,1,1627.26,1.0,0,0,4.0,0,2022-07-30,2024-03-22,1
CLT00908,40,Célibataire,Indépendant,Île-de-France,84,Assurance Habitation,Essentiel,Courtier,51.01,1,557.19,3.0,1,0,2.0,1,2022-10-12,2024-05-27,0
CLT00909,49,Célibataire,Salarié,Occitanie,96,Assurance Santé,Confort,Web,153.93,1,2556.03,1.0,3,0,4.0,0,2023-08-16,2023-08-23,0
CLT00910,43,En couple,Sans emploi,Nouvelle-Aquitaine,60,Multirisque Pro,Essentiel,Web,172.82,0,0.0,0.0,2,1,5.0,0,2022-01-05,2024-01-17,0
CLT00911,47,En couple,Retraité,Bretagne,156,Assurance Auto,Essentiel,Téléphone,92.09,3,8410.81,0.0,0,1,4.0,0,2023-11-21,2023-12-18,1
CLT00912,45,En couple,Sans emploi,Grand Est,96,Assurance Habitation,Confort,Téléphone,65.54,1,790.6,1.0,3,1,5.0,0,2022-08-22,2023-10-13,0
CLT00913,27,Célibataire,Sans emploi,Hauts-de-France,60,Assurance Auto,Confort,Agence,126.68,0,0.0,2.0,2,0,3.0,0,2022-05-20,2023-10-09,0
CLT00914,47,Célibataire,Fonctionnaire,Île-de-France,132,Assurance Santé,Premium,Courtier,217.74,0,0.0,0.0,1,1,5.0,0,2023-05-21,2023-07-19,1
CLT00915,28,Veuf/Veuve,Indépendant,Nouvelle-Aquitaine,24,Assurance Vie,Confort,Téléphone,90.41,2,675.93,3.0,3,1,5.0,0,2023-07-22,2024-02-15,0
CLT00916,50,Veuf/Veuve,Fonctionnaire,PACA,72,Assurance Santé,Confort,Web,173.84,4,10244.99,0.0,3,0,4.0,0,2022-07-03,2022-07-16,0
CLT00917,49,Veuf/Veuve,Sans emploi,Grand Est,12,Assurance Vie,Premium,Agence,127.97,0,0.0,0.0,3,0,4.0,0,2023-11-06,2024-04-27,0
CLT00918,55,Veuf/Veuve,Sans emploi,Grand Est,120,Assurance Auto,Essentiel,Web,75.77,0,0.0,0.0,2,0,4.0,0,2022-04-15,2024-05-13,0
CLT00919,51,Marié(e),Indépendant,Occitanie,144,Assurance Habitation,Essentiel,Courtier,48.82,1,1016.16,1.0,1,0,4.0,1,2023-09-02,2024-03-26,0
CLT00920,30,Marié(e),Sans emploi,Hauts-de-France,132,Assurance Auto,Essentiel,Téléphone,84.17,0,0.0,0.0,3,0,5.0,1,2023-08-31,2024-01-17,0
CLT00921,47,Veuf/Veuve,Sans emploi,Grand Est,168,Assurance Vie,Confort,Téléphone,84.76,0,0.0,0.0,0,0,2.0,0,2022-10-13,2023-03-12,1
CLT00922,65,Veuf/Veuve,Retraité,Nouvelle-Aquitaine,36,Assurance Vie,Essentiel,Agence,60.5,0,0.0,0.0,3,0,3.0,0,2022-08-25,2024-05-29,0
CLT00923,41,Célibataire,Retraité,Île-de-France,168,Assurance Habitation,Essentiel,Agence,48.18,2,2746.89,2.0,3,3,2.0,0,2023-11-26,2023-12-02,1
CLT00924,32,Marié(e),Sans emploi,Auvergne-Rhône-Alpes,60,Assurance Habitation,Confort,Courtier,54.96,2,5784.4,0.0,2,1,3.0,0,2023-10-01,2023-11-19,1
CLT00925,48,En couple,Fonctionnaire,Hauts-de-France,60,Assurance Auto,Premium,Téléphone,138.97,0,0.0,0.0,3,0,4.0,1,2023-11-09,2024-03-15,1
CLT00926,37,Célibataire,Salarié,Bretagne,24,Assurance Vie,Premium,Courtier,130.29,0,0.0,1.0,2,2,5.0,0,2023-03-17,2024-06-09,1
CLT00927,45,Veuf/Veuve,Retraité,Bretagne,12,Assurance Auto,Confort,Téléphone,103.19,1,2119.69,2.0,1,3,5.0,0,2023-04-16,2023-05-04,0
CLT00928,48,Veuf/Veuve,Retraité,Auvergne-Rhône-Alpes,36,Assurance Auto,Essentiel,Courtier,68.43,0,0.0,0.0,3,2,,0,2022-05-18,2023-04-02,0
CLT00929,43,Veuf/Veuve,Retraité,Hauts-de-France,12,Assurance Vie,Confort,Agence,94.39,0,0.0,0.0,0,2,3.0,1,2023-07-30,2023-10-18,0
CLT00930,65,Veuf/Veuve,Sans emploi,Nouvelle-Aquitaine,60,Multirisque Pro,Essentiel,Téléphone,176.4,0,0.0,0.0,3,1,2.0,1,2023-01-22,2024-01-18,0
CLT00931,48,Célibataire,Indépendant,Île-de-France,12,Assurance Santé,Confort,Agence,200.31,4,7022.91,0.0,0,0,5.0,0,2023-01-11,2024-01-03,0
CLT00932,50,Célibataire,Retraité,Grand Est,132,Multirisque Pro,Essentiel,Courtier,221.33,0,0.0,1.0,1,2,5.0,1,2022-12-20,2023-12-20,0
CLT00933,28,En couple,Indépendant,Occitanie,120,Assurance Vie,Confort,Agence,72.82,0,0.0,1.0,0,0,5.0,1,2023-10-26,2024-01-13,0
CLT00934,42,Célibataire,Fonctionnaire,Nouvelle-Aquitaine,60,Multirisque Pro,Essentiel,Agence,199.85,0,0.0,0.0,0,0,4.0,0,2022-06-23,2022-07-13,0
CLT00935,36,Veuf/Veuve,Sans emploi,Hauts-de-France,60,Multirisque Pro,Confort,Agence,276.22,0,0.0,1.0,1,0,3.0,1,2023-06-12,2024-01-13,0
CLT00936,33,Marié(e),Retraité,Île-de-France,12,Assurance Santé,Essentiel,Téléphone,126.61,1,2451.93,1.0,2,1,3.0,0,2023-08-08,2024-02-23,0
CLT00937,50,Célibataire,Indépendant,Hauts-de-France,144,Assurance Santé,Premium,Agence,285.43,3,3602.75,0.0,2,0,4.0,0,2022-12-11,2024-05-02,0
CLT00938,48,Marié(e),Fonctionnaire,Auvergne-Rhône-Alpes,84,Multirisque Pro,Premium,Courtier,455.95,0,0.0,3.0,0,1,4.0,0,2023-03-23,2023-07-04,1
CLT00939,25,Marié(e),Fonctionnaire,Occitanie,60,Assurance Vie,Premium,Agence,115.21,0,0.0,4.0,0,0,4.0,0,2022-02-18,2022-12-19,0
CLT00940,42,Célibataire,Sans emploi,PACA,72,Multirisque Pro,Confort,Web,304.41,0,0.0,0.0,3,0,3.0,0,2022-12-11,2023-09-16,1
CLT00941,52,En couple,Fonctionnaire,Grand Est,12,Assurance Auto,Premium,Téléphone,181.06,0,0.0,2.0,0,0,4.0,1,2022-03-20,2024-01-16,1
CLT00942,25,Marié(e),Indépendant,Grand Est,96,Assurance Santé,Premium,Courtier,280.21,1,1719.96,1.0,0,0,4.0,0,2023-03-01,2023-09-22,0
CLT00943,47,Célibataire,Sans emploi,Auvergne-Rhône-Alpes,84,Assurance Santé,Premium,Téléphone,273.15,2,3131.23,1.0,2,0,3.0,1,2022-07-11,2024-02-21,0
CLT00944,74,Veuf/Veuve,Sans emploi,Nouvelle-Aquitaine,60,Assurance Vie,Essentiel,Téléphone,71.86,0,0.0,0.0,3,1,5.0,0,2023-10-04,2023-11-03,0
CLT00945,22,En couple,Indépendant,Hauts-de-France,144,Multirisque Pro,Essentiel,Courtier,182.6,0,0.0,2.0,3,1,5.0,0,2022-06-04,2024-05-05,0
CLT00946,29,Célibataire,Indépendant,Bretagne,36,Assurance Santé,Confort,Téléphone,170.27,0,0.0,3.0,1,0,4.0,0,2023-02-27,2023-07-13,0
CLT00947,31,En couple,Retraité,Nouvelle-Aquitaine,132,Assurance Santé,Premium,Web,254.95,1,2516.04,1.0,0,0,,0,2022-09-02,2022-12-27,0
CLT00948,69,Marié(e),Retraité,Occitanie,84,Assurance Habitation,Essentiel,Agence,47.52,0,0.0,1.0,3,0,4.0,0,2023-05-13,2024-02-23,0
CLT00949,25,En couple,Fonctionnaire,Occitanie,48,Assurance Vie,Confort,Agence,77.38,0,0.0,3.0,2,0,5.0,1,2022-05-20,2022-06-18,0
CLT00950,35,Veuf/Veuve,Salarié,Île-de-France,120,Assurance Santé,Confort,Web,143.57,0,0.0,1.0,1,2,5.0,0,2022-02-26,2022-05-22,0
CLT00951,23,Veuf/Veuve,Fonctionnaire,PACA,36,Assurance Santé,Premium,Courtier,209.05,0,0.0,0.0,3,0,2.0,1,2023-11-19,2024-05-05,0
CLT00952,64,Célibataire,Sans emploi,Occitanie,132,Assurance Auto,Confort,Web,129.76,0,0.0,1.0,2,0,3.0,0,2023-05-28,2023-07-28,1
CLT00953,65,Célibataire,Indépendant,Hauts-de-France,120,Multirisque Pro,Premium,Courtier,432.16,0,0.0,0.0,1,0,1.0,0,2023-09-07,2023-11-08,0
CLT00954,33,Veuf/Veuve,Indépendant,Occitanie,36,Assurance Santé,Confort,Téléphone,169.82,0,0.0,1.0,1,0,3.0,0,2022-05-28,2022-09-14,0
CLT00955,36,Veuf/Veuve,Fonctionnaire,Hauts-de-France,72,Assurance Habitation,Essentiel,Courtier,39.32,1,2456.72,0.0,1,1,5.0,1,2023-08-27,2023-09-24,1
CLT00956,65,Marié(e),Sans emploi,PACA,156,Assurance Vie,Premium,Courtier,112.86,2,5012.49,1.0,1,0,3.0,1,2023-03-10,2023-11-08,0
CLT00957,70,Veuf/Veuve,Fonctionnaire,Bretagne,48,Assurance Habitation,Confort,Web,58.26,1,1389.1,0.0,1,0,3.0,0,2022-11-12,2022-12-03,0
CLT00958,49,Marié(e),Sans emploi,Occitanie,24,Multirisque Pro,Essentiel,Agence,175.6,0,0.0,1.0,3,0,3.0,0,2023-01-29,2023-12-11,0
CLT00959,33,Veuf/Veuve,Retraité,Occitanie,108,Assurance Santé,Premium,Agence,216.56,0,0.0,0.0,2,1,4.0,0,2022-01-09,2023-02-15,0
CLT00960,49,Marié(e),Indépendant,Occitanie,132,Assurance Santé,Confort,Agence,164.04,0,0.0,0.0,2,0,3.0,0,2022-06-14,2023-09-06,0
CLT00961,49,Marié(e),Salarié,Île-de-France,108,Assurance Santé,Premium,Téléphone,224.91,1,396.33,0.0,0,0,4.0,0,2023-05-19,2024-01-15,0
CLT00962,43,En couple,Fonctionnaire,PACA,144,Assurance Vie,Confort,Téléphone,87.14,1,1149.66,0.0,1,0,,0,2023-06-03,2023-07-06,0
CLT00963,47,Célibataire,Salarié,Hauts-de-France,60,Assurance Santé,Confort,Courtier,181.54,1,1520.92,1.0,2,0,3.0,0,2023-10-19,2024-01-21,0
CLT00964,53,Veuf/Veuve,Indépendant,Île-de-France,72,Assurance Vie,Premium,Web,128.36,0,0.0,0.0,3,0,2.0,0,2023-10-06,2024-03-10,0
CLT00965,40,En couple,Indépendant,PACA,144,Assurance Santé,Premium,Agence,225.69,0,0.0,,1,0,5.0,0,2023-06-13,2024-06-12,0
CLT00966,55,Veuf/Veuve,Retraité,Bretagne,144,Assurance Habitation,Premium,Téléphone,97.5,1,443.83,0.0,3,1,4.0,0,2022-05-17,2023-02-07,0
CLT00967,53,En couple,Salarié,Nouvelle-Aquitaine,36,Assurance Habitation,Premium,Courtier,83.96,1,1044.17,4.0,2,0,5.0,0,2023-03-01,2023-09-05,0
CLT00968,27,Célibataire,Salarié,Occitanie,96,Assurance Habitation,Confort,Téléphone,59.33,0,0.0,1.0,2,1,1.0,0,2023-07-26,2024-06-21,1
CLT00969,34,Veuf/Veuve,Indépendant,PACA,60,Multirisque Pro,Premium,Web,451.76,1,1186.45,0.0,3,1,3.0,0,2022-09-26,2023-03-17,0
CLT00970,40,En couple,Salarié,Nouvelle-Aquitaine,120,Assurance Auto,Confort,Téléphone,120.96,0,0.0,0.0,0,0,4.0,0,2023-01-12,2023-07-05,0
CLT00971,35,Veuf/Veuve,Retraité,Grand Est,168,Multirisque Pro,Essentiel,Agence,239.62,0,0.0,1.0,1,0,4.0,0,2022-05-02,2022-12-17,0
CLT00972,67,Veuf/Veuve,Retraité,Nouvelle-Aquitaine,132,Assurance Habitation,Essentiel,Courtier,49.2,0,0.0,1.0,0,0,4.0,0,2022-05-14,2023-07-29,0
CLT00973,71,En couple,Retraité,Nouvelle-Aquitaine,60,Assurance Habitation,Premium,Web,105.38,1,630.71,2.0,2,0,4.0,0,2022-07-04,2023-08-26,0
CLT00974,54,En couple,Sans emploi,Nouvelle-Aquitaine,12,Assurance Habitation,Essentiel,Courtier,43.28,2,4262.33,2.0,3,0,4.0,0,2023-04-07,2023-08-12,0
CLT00975,48,Célibataire,Retraité,PACA,96,Assurance Santé,Premium,Téléphone,245.48,0,0.0,0.0,0,2,,0,2022-05-17,2023-04-13,1
CLT00976,23,Veuf/Veuve,Sans emploi,Grand Est,156,Assurance Vie,Premium,Web,116.22,0,0.0,0.0,3,0,4.0,0,2022-09-20,2022-12-03,0
CLT00977,47,Marié(e),Indépendant,Île-de-France,24,Assurance Auto,Premium,Agence,177.01,1,2642.9,0.0,3,0,5.0,1,2023-04-28,2023-10-26,0
CLT00978,34,Marié(e),Sans emploi,Île-de-France,36,Multirisque Pro,Premium,Agence,355.47,2,5099.48,1.0,0,0,3.0,0,2023-09-27,2024-04-09,1
CLT00979,44,Célibataire,Sans emploi,Auvergne-Rhône-Alpes,168,Assurance Santé,Confort,Courtier,200.43,0,0.0,0.0,1,0,2.0,0,2022-07-03,2023-03-26,0
CLT00980,29,Veuf/Veuve,Indépendant,Bretagne,156,Assurance Habitation,Premium,Téléphone,98.13,0,0.0,2.0,3,1,4.0,1,2022-04-02,2023-02-20,0
CLT00981,72,Célibataire,Fonctionnaire,Nouvelle-Aquitaine,72,Multirisque Pro,Confort,Web,318.89,4,7037.06,0.0,1,0,5.0,0,2022-02-15,2022-06-25,0
CLT00982,25,Marié(e),Fonctionnaire,Grand Est,24,Assurance Vie,Confort,Courtier,90.36,2,3811.49,3.0,3,0,3.0,0,2023-09-20,2024-02-02,0
CLT00983,46,Marié(e),Retraité,Auvergne-Rhône-Alpes,156,Multirisque Pro,Confort,Téléphone,316.76,0,0.0,0.0,1,0,2.0,0,2022-06-04,2023-12-25,1
CLT00984,51,Célibataire,Indépendant,Auvergne-Rhône-Alpes,156,Assurance Vie,Essentiel,Web,60.02,1,1120.49,2.0,2,0,,0,2022-07-07,2022-08-12,0
CLT00985,31,Veuf/Veuve,Salarié,Hauts-de-France,132,Assurance Vie,Confort,Web,89.39,0,0.0,2.0,2,1,5.0,0,2023-05-22,2023-06-11,0
CLT00986,72,Veuf/Veuve,Salarié,Hauts-de-France,156,Assurance Vie,Confort,Téléphone,87.83,1,470.45,4.0,0,0,5.0,1,2022-06-01,2022-10-05,0
CLT00987,36,En couple,Indépendant,Nouvelle-Aquitaine,144,Assurance Santé,Essentiel,Web,132.45,0,0.0,1.0,0,0,4.0,0,2023-06-05,2023-10-22,1
CLT00988,54,En couple,Retraité,Île-de-France,72,Multirisque Pro,Premium,Web,469.85,0,0.0,1.0,0,0,3.0,0,2022-03-20,2022-11-27,0
CLT00989,67,Célibataire,Fonctionnaire,Bretagne,36,Assurance Vie,Premium,Agence,129.68,0,0.0,3.0,2,0,4.0,1,2023-11-29,2024-05-21,0
CLT00990,59,Marié(e),Indépendant,PACA,168,Assurance Auto,Confort,Courtier,134.28,0,0.0,0.0,1,0,3.0,0,2022-01-30,2022-04-23,0
CLT00991,71,Marié(e),Sans emploi,Hauts-de-France,72,Assurance Vie,Premium,Téléphone,137.54,1,792.81,0.0,3,0,4.0,0,2023-11-05,2023-11-06,0
CLT00992,47,En couple,Indépendant,Bretagne,60,Assurance Santé,Essentiel,Téléphone,126.0,3,4940.58,2.0,2,1,2.0,1,2022-02-19,2024-05-19,1
CLT00993,74,Veuf/Veuve,Salarié,PACA,24,Assurance Santé,Confort,Agence,198.17,1,1027.79,1.0,2,1,5.0,0,2023-02-13,2023-06-23,0
CLT00994,60,Célibataire,Indépendant,PACA,72,Assurance Habitation,Essentiel,Téléphone,42.24,0,0.0,0.0,0,0,5.0,0,2022-06-16,2023-07-18,0
CLT00995,72,Marié(e),Retraité,PACA,96,Assurance Vie,Confort,Web,93.18,1,2337.2,2.0,0,1,4.0,0,2023-03-19,2024-03-29,0
CLT00996,68,Célibataire,Fonctionnaire,Bretagne,120,Assurance Santé,Premium,Web,265.62,1,2591.25,2.0,2,0,4.0,0,2023-06-09,2023-09-19,0
CLT00997,45,Marié(e),Sans emploi,Hauts-de-France,96,Assurance Vie,Confort,Téléphone,86.49,2,2018.05,0.0,2,1,4.0,0,2023-09-07,2024-04-10,0
CLT00998,60,Veuf/Veuve,Retraité,Auvergne-Rhône-Alpes,120,Assurance Auto,Confort,Courtier,102.58,0,0.0,4.0,0,0,5.0,0,2022-04-06,2022-05-17,0
CLT00999,50,En couple,Retraité,Occitanie,144,Multirisque Pro,Confort,Téléphone,290.92,0,0.0,0.0,3,0,4.0,0,2023-06-24,2024-05-11,0
CLT01000,68,Veuf/Veuve,Salarié,Hauts-de-France,24,Multirisque Pro,Essentiel,Courtier,197.84,0,0.0,3.0,3,3,4.0,0,2023-05-05,2023-10-05,0
CLT01001,41,Veuf/Veuve,Fonctionnaire,Occitanie,12,Assurance Habitation,Essentiel,Courtier,42.1,1,1658.28,0.0,1,1,4.0,0,2023-08-06,2023-08-30,0
CLT01002,48,Veuf/Veuve,Retraité,PACA,24,Multirisque Pro,Essentiel,Agence,235.71,0,0.0,1.0,1,1,4.0,0,2022-04-07,2023-07-26,0
CLT01003,62,Célibataire,Sans emploi,Nouvelle-Aquitaine,60,Multirisque Pro,Confort,Courtier,278.1,0,0.0,1.0,3,1,4.0,0,2022-01-17,2022-05-13,0
CLT01004,63,Célibataire,Salarié,Grand Est,60,Assurance Vie,Essentiel,Web,57.68,0,0.0,1.0,1,1,4.0,0,2023-03-03,2024-05-24,0
CLT01005,50,Marié(e),Fonctionnaire,Hauts-de-France,120,Assurance Santé,Confort,Téléphone,193.01,0,0.0,0.0,0,0,3.0,0,2022-07-11,2023-02-12,0
CLT01006,38,Veuf/Veuve,Sans emploi,PACA,60,Assurance Habitation,Essentiel,Courtier,47.72,0,0.0,1.0,3,0,4.0,0,2022-01-19,2022-01-24,0
CLT01007,47,Veuf/Veuve,Retraité,Auvergne-Rhône-Alpes,12,Assurance Vie,Essentiel,Agence,65.11,0,0.0,5.0,0,2,1.0,0,2023-12-10,2024-03-22,0
CLT01008,57,Marié(e),Retraité,Nouvelle-Aquitaine,48,Multirisque Pro,Premium,Téléphone,458.04,0,0.0,0.0,3,2,4.0,0,2022-11-06,2023-02-03,0
CLT01009,52,Célibataire,Salarié,Occitanie,84,Assurance Habitation,Essentiel,Agence,40.24,2,3268.38,1.0,1,0,4.0,0,2023-12-14,2024-01-31,0
CLT01010,26,En couple,Retraité,Auvergne-Rhône-Alpes,120,Assurance Auto,Essentiel,Téléphone,94.38,0,0.0,1.0,3,0,4.0,0,2023-10-04,2024-01-09,0
CLT01011,66,Veuf/Veuve,Retraité,Auvergne-Rhône-Alpes,144,Assurance Auto,Confort,Téléphone,98.85,1,1689.93,0.0,1,0,4.0,0,2022-01-23,2022-05-22,0
CLT01012,48,Veuf/Veuve,Salarié,Hauts-de-France,108,Assurance Habitation,Essentiel,Téléphone,40.15,0,0.0,2.0,2,1,4.0,0,2023-04-06,2024-01-30,1
CLT01013,32,Célibataire,Fonctionnaire,Grand Est,144,Assurance Habitation,Essentiel,Courtier,40.24,0,0.0,0.0,1,1,4.0,0,2022-01-09,2022-04-24,0
CLT01014,67,Célibataire,Retraité,Nouvelle-Aquitaine,60,Assurance Vie,Confort,Téléphone,77.26,0,0.0,0.0,3,1,4.0,0,2023-02-14,2023-10-20,0
CLT01015,47,Célibataire,Sans emploi,Occitanie,48,Multirisque Pro,Premium,Téléphone,389.97,4,3740.81,0.0,0,0,4.0,0,2022-01-20,2023-03-28,0
CLT01016,40,Veuf/Veuve,Retraité,Nouvelle-Aquitaine,132,Multirisque Pro,Confort,Agence,293.52,3,3272.57,0.0,3,0,4.0,0,2022-04-30,2023-09-18,0
CLT01017,62,Veuf/Veuve,Salarié,Hauts-de-France,48,Multirisque Pro,Premium,Courtier,380.64,0,0.0,0.0,1,0,5.0,1,2022-06-15,2023-04-05,0
CLT01018,69,En couple,Sans emploi,Hauts-de-France,120,Assurance Habitation,Confort,Courtier,72.09,1,1906.05,1.0,2,0,3.0,0,2022-08-13,2024-04-05,0
CLT01019,42,Marié(e),Retraité,Auvergne-Rhône-Alpes,72,Assurance Santé,Premium,Téléphone,279.79,2,4887.93,,3,1,1.0,0,2023-03-03,2024-05-02,1
CLT01020,58,Marié(e),Salarié,Occitanie,168,Assurance Santé,Confort,Web,150.97,0,0.0,2.0,0,0,4.0,0,2023-11-15,2024-03-17,0
CLT01021,22,Veuf/Veuve,Salarié,Auvergne-Rhône-Alpes,108,Assurance Habitation,Essentiel,Web,52.49,1,1580.45,2.0,3,1,4.0,0,2023-03-02,2024-06-26,0
CLT01022,23,Célibataire,Salarié,Occitanie,60,Assurance Vie,Confort,Web,84.0,0,0.0,,1,0,5.0,1,2023-01-03,2023-09-27,0
CLT01023,68,Célibataire,Salarié,Auvergne-Rhône-Alpes,12,Assurance Santé,Premium,Web,241.06,1,1282.18,,3,0,3.0,0,2022-12-12,2024-02-25,1
CLT01024,50,En couple,Retraité,PACA,132,Assurance Auto,Premium,Web,183.23,1,363.23,5.0,3,0,5.0,0,2022-09-22,2023-09-05,0
CLT01025,32,Célibataire,Salarié,Auvergne-Rhône-Alpes,120,Assurance Santé,Essentiel,Courtier,111.59,2,2055.37,2.0,0,0,5.0,1,2023-03-25,2024-05-07,0
CLT01026,48,Célibataire,Sans emploi,PACA,84,Assurance Vie,Essentiel,Agence,68.44,0,0.0,0.0,3,1,2.0,0,2022-04-18,2022-10-06,1
CLT01027,63,Marié(e),Retraité,Auvergne-Rhône-Alpes,144,Assurance Auto,Essentiel,Courtier,89.86,0,0.0,0.0,0,0,5.0,0,2023-06-03,2024-02-13,0
CLT01028,48,En couple,Salarié,Bretagne,24,Assurance Auto,Essentiel,Courtier,69.59,0,0.0,0.0,0,0,4.0,0,2022-07-26,2023-10-18,0
CLT01029,29,Marié(e),Fonctionnaire,Hauts-de-France,36,Assurance Vie,Essentiel,Web,64.96,0,0.0,0.0,1,0,5.0,0,2023-06-02,2023-08-28,0
CLT01030,48,Marié(e),Indépendant,Grand Est,72,Assurance Auto,Confort,Courtier,113.25,0,0.0,,1,1,3.0,0,2022-06-05,2023-11-29,0
CLT01031,70,Veuf/Veuve,Retraité,Grand Est,72,Assurance Vie,Essentiel,Web,53.02,0,0.0,0.0,2,0,4.0,0,2023-04-15,2024-06-24,0
CLT01032,63,Veuf/Veuve,Indépendant,Île-de-France,84,Multirisque Pro,Premium,Courtier,405.49,0,0.0,1.0,3,1,2.0,0,2022-01-11,2024-01-15,1
CLT01033,55,Marié(e),Retraité,Bretagne,12,Multirisque Pro,Essentiel,Agence,238.89,0,0.0,5.0,0,0,5.0,1,2022-06-18,2023-09-05,0
CLT01034,60,Célibataire,Sans emploi,Auvergne-Rhône-Alpes,132,Assurance Auto,Confort,Agence,122.68,0,0.0,0.0,0,0,4.0,0,2022-10-30,2024-01-02,0
CLT01035,69,Marié(e),Salarié,Bretagne,168,Assurance Vie,Premium,Courtier,118.2,1,394.62,4.0,0,3,1.0,0,2022-10-14,2024-04-06,1
CLT01036,73,En couple,Sans emploi,Hauts-de-France,108,Multirisque Pro,Essentiel,Téléphone,201.4,1,609.84,0.0,3,0,2.0,1,2023-10-02,2024-05-15,1
CLT01037,54,Marié(e),Salarié,Occitanie,24,Assurance Santé,Premium,Téléphone,261.43,0,0.0,2.0,3,0,4.0,0,2022-02-07,2023-08-11,0
CLT01038,26,En couple,Salarié,Nouvelle-Aquitaine,156,Assurance Santé,Confort,Web,191.92,0,0.0,2.0,3,0,5.0,1,2023-06-08,2024-03-16,0
CLT01039,37,Célibataire,Salarié,Auvergne-Rhône-Alpes,84,Assurance Santé,Premium,Courtier,277.94,0,0.0,0.0,2,0,4.0,0,2023-07-07,2024-05-05,0
CLT01040,44,Célibataire,Salarié,Grand Est,12,Assurance Santé,Essentiel,Courtier,102.11,0,0.0,1.0,3,0,4.0,0,2023-01-17,2023-10-09,1
CLT01041,26,Célibataire,Retraité,Île-de-France,12,Multirisque Pro,Confort,Agence,286.54,0,0.0,4.0,0,0,4.0,1,2022-11-02,2024-06-10,0
CLT01042,38,En couple,Fonctionnaire,Occitanie,60,Assurance Auto,Confort,Courtier,132.44,0,0.0,0.0,0,0,3.0,0,2022-11-03,2023-08-21,0
CLT01043,39,En couple,Salarié,Grand Est,12,Multirisque Pro,Premium,Web,427.33,0,0.0,1.0,3,0,3.0,0,2022-12-02,2024-05-13,0
CLT01044,68,Célibataire,Indépendant,Hauts-de-France,84,Multirisque Pro,Essentiel,Courtier,228.26,0,0.0,0.0,0,0,5.0,1,2023-12-30,2024-04-16,0
CLT01045,44,Veuf/Veuve,Indépendant,Île-de-France,120,Assurance Vie,Essentiel,Agence,70.6,0,0.0,2.0,3,0,1.0,0,2023-05-03,2023-08-20,0
CLT01046,69,Veuf/Veuve,Fonctionnaire,Grand Est,36,Assurance Vie,Essentiel,Courtier,52.45,0,0.0,0.0,3,0,4.0,0,2023-08-22,2024-05-03,0
CLT01047,43,En couple,Indépendant,Grand Est,120,Assurance Vie,Confort,Téléphone,85.23,3,1571.67,4.0,1,2,3.0,0,2023-06-02,2023-08-06,0
CLT01048,41,Célibataire,Indépendant,Auvergne-Rhône-Alpes,168,Assurance Vie,Premium,Téléphone,123.3,1,2668.82,2.0,0,0,4.0,0,2023-04-12,2023-12-10,0
CLT01049,54,Célibataire,Sans emploi,Bretagne,120,Assurance Auto,Premium,Web,185.9,0,0.0,2.0,1,0,5.0,0,2023-02-23,2023-04-20,0
CLT01050,43,En couple,Salarié,Île-de-France,120,Assurance Auto,Confort,Courtier,123.34,1,342.39,0.0,0,0,4.0,0,2023-01-16,2023-11-24,0
CLT01051,45,Célibataire,Indépendant,Hauts-de-France,132,Assurance Santé,Confort,Courtier,166.71,0,0.0,2.0,1,0,,0,2022-05-26,2024-01-19,0
CLT01052,44,En couple,Indépendant,Nouvelle-Aquitaine,168,Assurance Vie,Essentiel,Courtier,70.21,0,0.0,0.0,2,0,4.0,0,2023-05-16,2023-05-17,0
CLT01053,55,Célibataire,Retraité,PACA,84,Assurance Auto,Premium,Courtier,172.61,1,2478.72,1.0,1,1,3.0,0,2023-05-08,2024-02-25,0
CLT01054,64,Veuf/Veuve,Retraité,Bretagne,132,Assurance Santé,Premium,Téléphone,286.55,2,4252.23,4.0,0,0,5.0,0,2023-09-13,2023-11-19,0
CLT01055,34,Veuf/Veuve,Indépendant,Hauts-de-France,60,Assurance Habitation,Premium,Téléphone,88.67,0,0.0,1.0,1,3,3.0,1,2022-11-30,2023-03-01,0
CLT01056,23,En couple,Retraité,Grand Est,24,Multirisque Pro,Premium,Téléphone,433.07,0,0.0,0.0,2,0,5.0,0,2022-12-14,2024-06-19,0
CLT01057,45,Célibataire,Indépendant,Nouvelle-Aquitaine,12,Assurance Auto,Premium,Téléphone,173.4,0,0.0,1.0,1,1,,0,2023-12-26,2024-01-01,0
CLT01058,74,Célibataire,Indépendant,PACA,60,Multirisque Pro,Premium,Courtier,380.23,0,0.0,0.0,1,2,4.0,0,2023-09-26,2024-06-29,0
CLT01059,60,Célibataire,Salarié,Hauts-de-France,120,Multirisque Pro,Essentiel,Web,235.15,0,0.0,1.0,3,0,3.0,0,2023-11-06,2024-03-21,0
CLT01060,66,En couple,Sans emploi,Occitanie,144,Assurance Habitation,Essentiel,Courtier,41.7,1,2391.42,1.0,0,0,4.0,0,2023-03-31,2023-05-13,0
CLT01061,23,Célibataire,Retraité,Grand Est,144,Multirisque Pro,Premium,Courtier,349.63,0,0.0,0.0,2,0,4.0,1,2022-01-24,2023-01-07,1
CLT01062,24,Marié(e),Retraité,Île-de-France,120,Assurance Vie,Essentiel,Téléphone,60.71,0,0.0,0.0,0,3,5.0,0,2022-09-21,2022-12-23,0
CLT01063,71,En couple,Indépendant,Nouvelle-Aquitaine,168,Assurance Auto,Essentiel,Web,79.95,1,846.64,2.0,2,0,4.0,0,2022-09-19,2022-12-19,0
CLT01064,32,Célibataire,Sans emploi,Auvergne-Rhône-Alpes,132,Assurance Habitation,Confort,Téléphone,61.18,0,0.0,0.0,0,0,5.0,0,2022-11-30,2023-06-03,0
CLT01065,38,Veuf/Veuve,Salarié,Nouvelle-Aquitaine,72,Assurance Auto,Premium,Agence,159.62,0,0.0,1.0,1,0,3.0,0,2022-11-24,2023-04-18,0
CLT01066,35,Célibataire,Salarié,Grand Est,156,Assurance Vie,Confort,Courtier,84.99,1,2260.62,0.0,1,0,3.0,0,2022-07-27,2023-03-29,1
CLT01067,57,Veuf/Veuve,Salarié,Hauts-de-France,144,Multirisque Pro,Premium,Web,377.56,2,2156.02,2.0,2,0,4.0,0,2022-10-03,2022-12-04,0
CLT01068,29,Veuf/Veuve,Salarié,PACA,72,Assurance Santé,Confort,Téléphone,144.74,2,4230.54,0.0,1,0,3.0,0,2023-02-22,2024-01-12,0
CLT01069,33,En couple,Sans emploi,PACA,60,Assurance Habitation,Essentiel,Courtier,48.45,0,0.0,,2,0,3.0,0,2023-10-30,2024-05-18,0
CLT01070,37,Célibataire,Sans emploi,Hauts-de-France,108,Assurance Habitation,Confort,Téléphone,66.24,3,1833.93,4.0,0,0,4.0,1,2022-07-28,2022-12-20,1
CLT01071,74,Veuf/Veuve,Sans emploi,Occitanie,48,Assurance Santé,Premium,Web,226.43,0,0.0,2.0,1,0,3.0,0,2023-04-08,2023-04-29,0
CLT01072,61,Célibataire,Salarié,Auvergne-Rhône-Alpes,168,Assurance Auto,Confort,Courtier,134.21,0,0.0,1.0,0,0,5.0,0,2023-05-09,2023-09-25,1
CLT01073,71,En couple,Sans emploi,Bretagne,48,Multirisque Pro,Confort,Téléphone,302.57,1,292.55,0.0,0,0,3.0,0,2023-06-07,2023-10-29,0
CLT01074,51,Célibataire,Retraité,Nouvelle-Aquitaine,48,Assurance Auto,Essentiel,Agence,84.05,3,6020.9,1.0,3,1,3.0,1,2023-12-17,2024-01-17,1
CLT01075,46,En couple,Sans emploi,Grand Est,48,Assurance Habitation,Premium,Courtier,90.02,0,0.0,0.0,0,0,5.0,0,2023-06-01,2023-11-10,0
CLT01076,29,Marié(e),Indépendant,Hauts-de-France,132,Assurance Santé,Premium,Courtier,228.65,2,4683.36,,1,0,4.0,0,2023-11-10,2024-01-31,0
CLT01077,37,Célibataire,Indépendant,Bretagne,36,Assurance Santé,Essentiel,Téléphone,143.16,2,3619.27,0.0,0,0,4.0,1,2023-10-24,2024-06-16,1
CLT01078,63,Célibataire,Indépendant,Île-de-France,72,Assurance Auto,Premium,Téléphone,142.66,0,0.0,3.0,2,0,4.0,1,2023-02-28,2023-12-09,0
CLT01079,67,Célibataire,Retraité,PACA,48,Assurance Vie,Confort,Agence,95.61,1,2411.93,2.0,0,0,4.0,0,2023-11-20,2023-12-21,0
CLT01080,43,En couple,Salarié,Grand Est,120,Assurance Santé,Confort,Courtier,146.08,1,2616.48,1.0,1,0,4.0,0,2022-05-08,2023-08-24,0
CLT01081,54,En couple,Salarié,Île-de-France,108,Assurance Santé,Essentiel,Téléphone,129.95,4,8957.93,1.0,0,2,3.0,0,2022-10-15,2023-10-16,1
CLT01082,39,En couple,Retraité,Occitanie,108,Assurance Habitation,Essentiel,Courtier,42.4,0,0.0,1.0,0,0,,0,2023-01-07,2023-02-13,0
CLT01083,51,En couple,Retraité,Île-de-France,12,Assurance Santé,Confort,Web,191.15,1,2900.29,0.0,2,2,4.0,0,2022-04-24,2023-02-02,1
CLT01084,44,En couple,Sans emploi,Auvergne-Rhône-Alpes,156,Multirisque Pro,Premium,Téléphone,368.05,4,9779.57,2.0,3,1,2.0,0,2023-11-20,2024-05-12,0
CLT01085,34,En couple,Salarié,PACA,156,Multirisque Pro,Premium,Web,343.24,0,0.0,0.0,0,0,5.0,1,2022-05-11,2023-01-31,0
CLT01086,73,Célibataire,Sans emploi,Occitanie,168,Multirisque Pro,Essentiel,Courtier,172.13,0,0.0,3.0,1,0,5.0,0,2023-09-22,2024-01-29,0
CLT01087,65,Célibataire,Fonctionnaire,Grand Est,12,Multirisque Pro,Confort,Agence,273.98,2,2105.96,1.0,0,0,4.0,0,2023-03-19,2024-05-24,1
CLT01088,49,Veuf/Veuve,Fonctionnaire,Hauts-de-France,24,Assurance Vie,Confort,Agence,100.79,2,5403.37,2.0,0,2,5.0,1,2023-06-14,2023-07-06,1
CLT01089,47,Veuf/Veuve,Fonctionnaire,Grand Est,168,Assurance Habitation,Essentiel,Courtier,48.01,0,0.0,,1,0,5.0,0,2022-01-06,2023-02-11,0
CLT01090,41,En couple,Retraité,Île-de-France,96,Assurance Habitation,Confort,Agence,60.85,0,0.0,1.0,1,2,4.0,0,2022-03-18,2022-11-28,0
CLT01091,63,Célibataire,Salarié,Nouvelle-Aquitaine,144,Assurance Habitation,Essentiel,Courtier,45.22,0,0.0,2.0,2,0,4.0,0,2022-01-29,2023-06-04,0
CLT01092,27,En couple,Salarié,Nouvelle-Aquitaine,120,Assurance Vie,Essentiel,Courtier,62.55,0,0.0,1.0,0,0,4.0,0,2023-04-30,2023-08-30,0
CLT01093,31,Célibataire,Sans emploi,Occitanie,132,Assurance Santé,Essentiel,Courtier,136.93,3,6900.78,2.0,1,1,4.0,1,2023-09-27,2024-05-08,0
CLT01094,25,Célibataire,Salarié,PACA,96,Assurance Auto,Premium,Téléphone,169.79,0,0.0,3.0,2,0,4.0,0,2022-02-04,2023-02-25,0
CLT01095,67,Célibataire,Retraité,Auvergne-Rhône-Alpes,84,Assurance Santé,Premium,Agence,241.83,0,0.0,1.0,0,1,5.0,0,2022-02-26,2022-12-31,0
CLT01096,58,Célibataire,Salarié,PACA,156,Multirisque Pro,Premium,Téléphone,370.4,0,0.0,0.0,0,1,5.0,1,2023-07-27,2023-08-22,0
CLT01097,59,Veuf/Veuve,Indépendant,PACA,12,Assurance Santé,Confort,Téléphone,164.47,0,0.0,2.0,1,2,4.0,0,2023-09-06,2023-09-11,0
CLT01098,32,Célibataire,Fonctionnaire,Grand Est,96,Assurance Vie,Confort,Téléphone,71.6,0,0.0,0.0,1,1,4.0,1,2023-10-29,2024-06-25,0
CLT01099,55,Célibataire,Salarié,Occitanie,132,Assurance Auto,Confort,Courtier,101.16,2,5399.66,1.0,1,0,3.0,1,2022-01-13,2023-09-14,0
CLT01100,54,Marié(e),Fonctionnaire,Auvergne-Rhône-Alpes,120,Assurance Auto,Premium,Web,155.31,2,2032.49,1.0,3,3,4.0,0,2023-03-08,2023-11-09,1
CLT01101,52,En couple,Salarié,Occitanie,96,Multirisque Pro,Confort,Web,283.99,0,0.0,0.0,2,3,5.0,0,2022-03-03,2022-07-11,0
CLT01102,26,Marié(e),Sans emploi,Bretagne,84,Assurance Santé,Premium,Téléphone,238.43,0,0.0,,0,1,3.0,1,2023-07-09,2023-09-21,0
CLT01103,39,Marié(e),Fonctionnaire,Bretagne,144,Assurance Habitation,Confort,Courtier,56.23,1,2167.81,1.0,3,1,4.0,0,2022-01-09,2023-06-23,0
CLT01104,40,En couple,Sans emploi,Île-de-France,156,Multirisque Pro,Premium,Web,453.03,1,1050.42,5.0,2,0,4.0,0,2023-07-27,2023-08-23,0
CLT01105,23,En couple,Salarié,Occitanie,120,Assurance Vie,Confort,Web,72.02,0,0.0,2.0,2,0,1.0,0,2022-12-16,2023-06-27,1
CLT01106,72,Marié(e),Sans emploi,Bretagne,168,Assurance Vie,Premium,Téléphone,111.53,0,0.0,0.0,3,3,4.0,1,2022-11-03,2024-01-05,1
CLT01107,38,Célibataire,Retraité,Hauts-de-France,12,Assurance Santé,Essentiel,Agence,112.13,0,0.0,4.0,1,0,4.0,0,2022-08-13,2022-08-16,0
CLT01108,68,En couple,Indépendant,Hauts-de-France,48,Assurance Habitation,Premium,Web,93.56,1,1973.27,1.0,0,1,,0,2023-05-08,2024-05-18,1
CLT01109,60,Veuf/Veuve,Indépendant,Occitanie,12,Assurance Santé,Premium,Téléphone,212.61,1,463.79,2.0,2,0,5.0,0,2022-01-07,2023-01-13,1
CLT01110,68,Célibataire,Indépendant,Île-de-France,156,Assurance Auto,Essentiel,Courtier,72.07,2,487.15,1.0,3,0,5.0,0,2022-10-25,2024-01-18,0
CLT01111,57,Célibataire,Indépendant,Île-de-France,144,Assurance Habitation,Premium,Courtier,76.96,0,0.0,1.0,3,0,2.0,0,2022-07-22,2023-05-08,0
CLT01112,26,Marié(e),Sans emploi,Auvergne-Rhône-Alpes,144,Assurance Habitation,Essentiel,Courtier,44.08,0,0.0,3.0,1,1,4.0,0,2022-09-09,2023-03-10,0
CLT01113,36,Célibataire,Salarié,Nouvelle-Aquitaine,60,Assurance Habitation,Essentiel,Web,42.66,0,0.0,2.0,0,0,3.0,0,2023-11-25,2023-12-30,1
CLT01114,56,En couple,Fonctionnaire,Bretagne,48,Assurance Vie,Premium,Agence,136.04,2,2704.76,1.0,3,0,2.0,0,2023-04-13,2023-08-13,0
CLT01115,43,Célibataire,Salarié,Grand Est,108,Assurance Santé,Confort,Web,173.31,0,0.0,1.0,1,1,4.0,0,2022-05-28,2022-10-08,0
CLT01116,32,Marié(e),Sans emploi,Bretagne,96,Assurance Habitation,Essentiel,Téléphone,45.17,0,0.0,1.0,1,0,4.0,0,2023-03-16,2024-02-04,0
CLT01117,72,En couple,Fonctionnaire,Nouvelle-Aquitaine,48,Assurance Habitation,Essentiel,Web,38.46,0,0.0,0.0,0,0,3.0,1,2022-09-11,2022-11-04,1
CLT01118,64,Célibataire,Retraité,Occitanie,48,Assurance Santé,Essentiel,Téléphone,132.13,1,764.09,0.0,2,0,4.0,1,2023-11-11,2024-04-16,0
CLT01119,73,Veuf/Veuve,Sans emploi,Bretagne,108,Assurance Auto,Essentiel,Téléphone,88.24,1,2239.39,1.0,3,0,5.0,0,2023-04-21,2023-07-21,0
CLT01120,34,Veuf/Veuve,Retraité,Hauts-de-France,168,Assurance Santé,Premium,Courtier,269.86,1,1082.16,1.0,1,0,3.0,0,2022-10-02,2024-05-19,0
CLT01121,29,En couple,Indépendant,Occitanie,72,Assurance Vie,Premium,Agence,128.5,0,0.0,1.0,1,0,3.0,0,2023-04-08,2024-06-22,0
CLT01122,48,Veuf/Veuve,Retraité,Nouvelle-Aquitaine,132,Assurance Habitation,Confort,Web,63.51,3,1304.3,0.0,3,0,5.0,0,2023-08-09,2023-10-28,1
CLT01123,65,Célibataire,Fonctionnaire,Auvergne-Rhône-Alpes,132,Assurance Santé,Confort,Agence,161.51,0,0.0,4.0,3,0,5.0,1,2023-04-01,2023-12-22,0
CLT01124,42,Marié(e),Retraité,Hauts-de-France,12,Assurance Santé,Essentiel,Agence,140.9,1,2782.82,1.0,2,0,,1,2023-04-07,2023-12-02,1
CLT01125,57,Marié(e),Fonctionnaire,Hauts-de-France,156,Assurance Vie,Confort,Courtier,91.4,1,2838.54,2.0,2,2,5.0,0,2023-01-27,2023-02-21,0
CLT01126,51,Célibataire,Fonctionnaire,Nouvelle-Aquitaine,144,Assurance Habitation,Confort,Web,67.04,1,2213.29,1.0,3,0,4.0,1,2022-03-26,2023-01-21,0
CLT01127,49,En couple,Salarié,Nouvelle-Aquitaine,120,Multirisque Pro,Premium,Agence,479.58,0,0.0,2.0,0,0,2.0,0,2022-05-02,2022-07-14,1
CLT01128,51,En couple,Fonctionnaire,Bretagne,168,Assurance Santé,Essentiel,Web,108.04,0,0.0,0.0,0,0,4.0,1,2022-09-14,2023-07-20,0
CLT01129,38,Célibataire,Fonctionnaire,Nouvelle-Aquitaine,144,Assurance Santé,Essentiel,Web,108.48,0,0.0,,2,0,5.0,1,2022-10-16,2023-10-05,1
CLT01130,35,En couple,Retraité,Hauts-de-France,108,Assurance Vie,Confort,Agence,98.1,0,0.0,3.0,1,0,4.0,1,2022-08-22,2023-04-11,1
CLT01131,74,Veuf/Veuve,Fonctionnaire,Hauts-de-France,96,Assurance Habitation,Confort,Web,74.28,0,33764.08,1.0,0,0,4.0,0,2022-03-29,2023-02-12,0
CLT01132,35,Veuf/Veuve,Retraité,Occitanie,12,Assurance Habitation,Confort,Téléphone,70.89,4,1467.81,2.0,0,1,4.0,0,2023-07-26,2023-08-10,0
CLT01133,45,Célibataire,Retraité,Nouvelle-Aquitaine,168,Assurance Santé,Essentiel,Web,131.15,0,0.0,2.0,1,1,5.0,0,2023-11-06,2024-06-06,0
CLT01134,51,Veuf/Veuve,Retraité,Grand Est,108,Assurance Santé,Confort,Web,151.15,1,2734.22,1.0,3,0,3.0,0,2023-12-09,2024-04-24,0
CLT01135,22,En couple,Indépendant,Île-de-France,84,Assurance Santé,Confort,Agence,159.54,1,1516.97,0.0,0,0,5.0,0,2022-12-05,2024-01-09,0
CLT01136,51,Veuf/Veuve,Indépendant,PACA,168,Assurance Vie,Essentiel,Téléphone,69.64,3,7888.73,0.0,1,0,4.0,0,2023-05-02,2023-06-26,0
CLT01137,42,Célibataire,Indépendant,Nouvelle-Aquitaine,144,Assurance Santé,Premium,Téléphone,285.53,1,712.19,,2,0,,0,2022-04-17,2024-03-08,0
CLT01138,33,Célibataire,Indépendant,Hauts-de-France,24,Multirisque Pro,Essentiel,Agence,225.2,1,911.81,3.0,0,1,1.0,0,2022-07-23,2022-10-02,1
CLT01139,65,Marié(e),Sans emploi,Occitanie,84,Assurance Vie,Confort,Web,97.46,0,0.0,1.0,3,1,5.0,0,2022-03-13,2023-06-21,0
CLT01140,61,Marié(e),Retraité,Auvergne-Rhône-Alpes,96,Assurance Auto,Confort,Agence,119.75,0,0.0,4.0,0,0,3.0,1,2023-02-05,2023-07-15,1
CLT01141,44,Célibataire,Retraité,Hauts-de-France,144,Assurance Auto,Essentiel,Téléphone,84.54,1,631.13,2.0,3,0,5.0,0,2022-07-31,2022-12-11,0
CLT01142,66,En couple,Sans emploi,Hauts-de-France,24,Assurance Habitation,Confort,Téléphone,61.99,0,0.0,1.0,1,0,3.0,0,2023-08-12,2024-01-17,0
CLT01143,62,En couple,Salarié,Nouvelle-Aquitaine,168,Multirisque Pro,Essentiel,Téléphone,228.83,0,0.0,2.0,1,0,4.0,1,2022-05-27,2023-08-26,0
CLT01144,35,Veuf/Veuve,Retraité,Bretagne,132,Assurance Auto,Confort,Web,134.01,1,2253.69,0.0,1,0,4.0,0,2023-04-19,2024-02-07,0
CLT01145,53,Veuf/Veuve,Fonctionnaire,Nouvelle-Aquitaine,72,Assurance Auto,Premium,Agence,190.48,0,0.0,2.0,2,2,4.0,0,2023-12-19,2024-06-18,1
CLT01146,33,En couple,Indépendant,Grand Est,84,Assurance Santé,Confort,Web,159.5,2,2232.6,0.0,1,0,3.0,0,2023-09-25,2024-05-03,0
CLT01147,34,Veuf/Veuve,Salarié,PACA,60,Assurance Vie,Confort,Web,86.84,4,11008.28,0.0,2,0,5.0,0,2022-09-03,2023-02-11,1
CLT01148,35,En couple,Retraité,PACA,24,Assurance Santé,Premium,Courtier,256.34,2,4222.81,0.0,1,0,4.0,0,2023-02-26,2024-03-22,0
CLT01149,73,Célibataire,Sans emploi,PACA,108,Multirisque Pro,Essentiel,Courtier,187.61,1,2354.56,0.0,1,0,4.0,1,2022-11-30,2024-01-23,0
CLT01150,34,Célibataire,Retraité,Occitanie,120,Assurance Vie,Essentiel,Courtier,53.96,0,0.0,2.0,3,0,2.0,0,2022-01-28,2022-04-12,0
CLT01151,66,En couple,Retraité,Grand Est,72,Assurance Vie,Confort,Courtier,80.16,0,0.0,0.0,2,0,2.0,0,2022-02-08,2022-02-18,0
CLT01152,42,Veuf/Veuve,Retraité,Bretagne,108,Assurance Santé,Essentiel,Web,139.03,1,388.15,0.0,0,0,4.0,0,2023-04-18,2023-05-22,0
CLT01153,22,En couple,Retraité,Hauts-de-France,60,Assurance Auto,Premium,Web,170.74,0,0.0,2.0,1,0,,1,2022-10-13,2023-03-27,1
CLT01154,42,Marié(e),Salarié,Auvergne-Rhône-Alpes,168,Assurance Habitation,Essentiel,Agence,50.29,1,398.82,3.0,0,0,1.0,1,2023-07-02,2024-01-18,1
CLT01155,50,En couple,Retraité,Nouvelle-Aquitaine,72,Assurance Habitation,Essentiel,Agence,44.99,0,0.0,0.0,0,1,4.0,1,2023-01-02,2023-07-03,1
CLT01156,70,Veuf/Veuve,Salarié,Occitanie,48,Assurance Habitation,Premium,Agence,86.3,0,0.0,1.0,0,0,5.0,0,2023-10-13,2023-12-04,0
CLT01157,73,Célibataire,Sans emploi,Hauts-de-France,36,Assurance Vie,Premium,Courtier,126.18,1,2299.96,1.0,2,0,4.0,0,2022-01-05,2022-02-23,0
CLT01158,61,En couple,Indépendant,Bretagne,36,Assurance Vie,Essentiel,Web,55.0,3,4977.65,5.0,3,0,5.0,1,2022-04-04,2022-04-20,0
CLT01159,23,En couple,Salarié,Bretagne,120,Assurance Vie,Essentiel,Agence,68.75,0,0.0,0.0,0,0,3.0,0,2022-08-14,2022-11-20,0
CLT01160,27,Veuf/Veuve,Sans emploi,Île-de-France,48,Assurance Habitation,Premium,Web,82.29,0,0.0,3.0,1,0,4.0,0,2022-04-21,2023-03-21,1
CLT01161,59,Veuf/Veuve,Retraité,Occitanie,36,Assurance Santé,Premium,Web,271.42,0,0.0,2.0,2,0,4.0,0,2022-05-04,2022-12-27,1
CLT01162,43,En couple,Salarié,Bretagne,144,Assurance Habitation,Essentiel,Courtier,41.15,1,358.77,1.0,1,0,3.0,1,2023-02-16,2024-01-16,0
CLT01163,55,Veuf/Veuve,Indépendant,Occitanie,132,Assurance Santé,Essentiel,Téléphone,129.25,2,4590.59,3.0,0,0,5.0,1,2022-03-09,2024-01-11,0
CLT01164,49,Célibataire,Indépendant,Île-de-France,48,Assurance Santé,Premium,Courtier,237.37,0,0.0,3.0,1,0,3.0,0,2023-02-25,2023-07-29,0
CLT01165,37,Marié(e),Salarié,Auvergne-Rhône-Alpes,48,Multirisque Pro,Confort,Agence,332.3,1,2546.85,1.0,3,0,4.0,0,2023-09-07,2024-02-20,0
CLT01166,37,En couple,Fonctionnaire,Bretagne,60,Assurance Vie,Premium,Web,130.66,2,4284.26,4.0,2,0,5.0,0,2023-11-14,2024-03-16,0
CLT01167,29,Veuf/Veuve,Sans emploi,Hauts-de-France,108,Assurance Auto,Confort,Agence,132.25,0,0.0,0.0,0,0,4.0,1,2023-10-18,2024-02-14,0
CLT01168,60,Célibataire,Sans emploi,Occitanie,132,Multirisque Pro,Premium,Agence,384.6,2,3181.65,1.0,3,0,4.0,0,2022-05-08,2023-03-20,0
CLT01169,47,Célibataire,Salarié,Occitanie,120,Assurance Habitation,Premium,Téléphone,78.01,2,2888.61,1.0,0,0,4.0,0,2022-05-21,2023-06-08,0
CLT01170,28,Veuf/Veuve,Indépendant,Auvergne-Rhône-Alpes,108,Assurance Vie,Confort,Web,77.72,0,0.0,0.0,2,0,4.0,0,2023-10-20,2023-10-29,0
CLT01171,61,En couple,Fonctionnaire,Bretagne,84,Assurance Habitation,Premium,Téléphone,95.33,0,0.0,0.0,3,0,4.0,0,2022-11-22,2023-01-01,0
CLT01172,70,En couple,Fonctionnaire,Île-de-France,156,Multirisque Pro,Confort,Courtier,316.27,0,0.0,2.0,1,0,2.0,0,2022-12-17,2023-08-22,0
CLT01173,33,En couple,Sans emploi,Occitanie,144,Assurance Habitation,Premium,Agence,99.95,0,0.0,0.0,3,0,4.0,1,2023-01-26,2023-12-21,1
CLT01174,26,Veuf/Veuve,Salarié,PACA,36,Assurance Habitation,Confort,Agence,67.36,0,0.0,1.0,3,0,4.0,0,2022-07-17,2022-09-08,0
CLT01175,46,En couple,Sans emploi,PACA,120,Assurance Habitation,Essentiel,Web,42.07,0,0.0,4.0,3,0,1.0,0,2023-07-17,2023-10-29,1
CLT01176,41,Veuf/Veuve,Fonctionnaire,Grand Est,120,Assurance Habitation,Premium,Agence,84.94,2,1327.03,2.0,0,0,3.0,0,2022-06-18,2024-06-25,0
CLT01177,44,En couple,Fonctionnaire,Auvergne-Rhône-Alpes,132,Assurance Habitation,Essentiel,Téléphone,50.83,2,3099.72,2.0,3,0,3.0,0,2022-10-20,2024-06-01,0
CLT01178,63,Veuf/Veuve,Salarié,Nouvelle-Aquitaine,96,Assurance Vie,Premium,Web,105.32,1,251.68,2.0,3,0,4.0,0,2023-01-04,2024-02-15,0
CLT01179,31,Veuf/Veuve,Sans emploi,Hauts-de-France,48,Assurance Vie,Essentiel,Téléphone,64.68,0,0.0,1.0,0,0,3.0,0,2023-09-17,2024-04-25,1
CLT01180,42,Veuf/Veuve,Salarié,Grand Est,60,Assurance Habitation,Confort,Agence,75.09,1,906.16,0.0,0,0,4.0,0,2022-11-04,2024-05-07,0
CLT01181,69,Veuf/Veuve,Retraité,Nouvelle-Aquitaine,72,Assurance Habitation,Premium,Web,100.8,0,0.0,3.0,3,0,1.0,0,2022-11-10,2024-02-17,0
CLT01182,63,Marié(e),Indépendant,PACA,168,Assurance Santé,Confort,Téléphone,199.19,0,0.0,3.0,2,0,4.0,0,2023-04-26,2023-08-04,0
CLT01183,42,Marié(e),Retraité,Île-de-France,120,Assurance Habitation,Essentiel,Agence,43.67,1,1149.02,2.0,2,0,4.0,0,2023-02-19,2024-06-06,0
CLT01184,67,Veuf/Veuve,Fonctionnaire,Grand Est,60,Assurance Vie,Confort,Courtier,74.25,0,0.0,2.0,3,0,5.0,0,2023-10-19,2023-11-24,1
CLT01185,72,En couple,Indépendant,Grand Est,144,Assurance Vie,Essentiel,Agence,57.32,0,0.0,2.0,2,0,5.0,1,2023-03-23,2023-07-31,0
CLT01186,32,Célibataire,Retraité,Bretagne,36,Assurance Santé,Premium,Téléphone,217.1,1,2221.66,1.0,3,2,2.0,0,2023-03-11,2024-03-21,0
CLT01187,59,Marié(e),Salarié,Île-de-France,108,Assurance Habitation,Essentiel,Téléphone,38.65,3,7755.43,1.0,1,0,3.0,1,2023-12-16,2024-06-03,0
CLT01188,37,Marié(e),Indépendant,Auvergne-Rhône-Alpes,168,Assurance Habitation,Confort,Téléphone,54.52,1,1314.99,2.0,3,0,5.0,1,2023-09-09,2023-11-30,0
CLT01189,51,Veuf/Veuve,Sans emploi,Grand Est,72,Assurance Auto,Essentiel,Agence,91.95,1,2689.46,4.0,1,0,4.0,1,2022-03-24,2023-09-05,1
CLT01190,26,Marié(e),Fonctionnaire,Grand Est,156,Assurance Habitation,Confort,Web,65.83,1,576.41,2.0,3,0,4.0,0,2023-05-28,2024-02-24,0
CLT01191,31,Célibataire,Salarié,Grand Est,144,Assurance Vie,Premium,Courtier,136.3,0,0.0,0.0,3,0,4.0,0,2023-10-14,2024-04-07,0
CLT01192,38,Marié(e),Salarié,Grand Est,84,Assurance Habitation,Confort,Web,59.74,2,2103.02,1.0,3,3,4.0,0,2022-06-22,2023-11-07,0
CLT01193,56,Veuf/Veuve,Fonctionnaire,Grand Est,48,Assurance Auto,Essentiel,Agence,79.34,0,0.0,1.0,2,0,2.0,0,2023-03-18,2023-06-13,1
CLT01194,66,En couple,Retraité,Auvergne-Rhône-Alpes,168,Assurance Habitation,Confort,Web,68.78,2,3096.62,1.0,0,0,2.0,0,2022-07-06,2023-12-02,1
CLT01195,45,En couple,Salarié,Auvergne-Rhône-Alpes,108,Assurance Auto,Confort,Web,116.3,1,1585.32,0.0,0,0,4.0,1,2022-07-07,2023-01-19,1
CLT01196,32,En couple,Salarié,PACA,156,Assurance Santé,Confort,Téléphone,181.1,0,0.0,3.0,1,0,4.0,0,2022-10-28,2023-01-23,1
CLT01197,65,Marié(e),Salarié,PACA,168,Assurance Vie,Essentiel,Courtier,60.77,4,8399.55,0.0,3,0,5.0,1,2023-08-23,2023-12-21,0
CLT01198,59,Célibataire,Fonctionnaire,Île-de-France,36,Assurance Vie,Confort,Agence,97.06,2,2480.51,0.0,2,3,4.0,0,2022-01-08,2023-11-20,0
CLT01199,69,Célibataire,Retraité,Occitanie,120,Multirisque Pro,Essentiel,Agence,203.65,0,0.0,0.0,0,0,3.0,0,2023-09-10,2024-06-02,0
CLT01200,71,Veuf/Veuve,Fonctionnaire,Bretagne,132,Assurance Santé,Confort,Téléphone,197.43,0,0.0,5.0,3,0,3.0,0,2023-01-15,2024-01-01,1
CLT01201,40,Veuf/Veuve,Sans emploi,Grand Est,144,Assurance Santé,Essentiel,Courtier,140.88,0,0.0,1.0,1,0,5.0,0,2022-02-28,2023-02-27,0
CLT01202,32,Veuf/Veuve,Indépendant,Hauts-de-France,168,Assurance Santé,Essentiel,Agence,117.91,0,0.0,3.0,1,0,4.0,0,2022-01-27,2023-10-05,0
CLT01203,40,Marié(e),Retraité,Occitanie,12,Assurance Auto,Premium,Courtier,173.43,1,1454.76,4.0,3,1,3.0,0,2023-09-26,2024-05-26,0
CLT01204,42,Marié(e),Salarié,Île-de-France,144,Multirisque Pro,Confort,Web,272.98,0,0.0,0.0,3,0,2.0,0,2023-10-11,2024-04-12,0
CLT01205,72,En couple,Sans emploi,Hauts-de-France,132,Assurance Auto,Premium,Courtier,174.58,0,0.0,1.0,2,2,4.0,0,2023-05-12,2023-12-02,1
CLT01206,27,Veuf/Veuve,Salarié,Grand Est,132,Multirisque Pro,Essentiel,Courtier,207.31,0,0.0,1.0,2,0,3.0,0,2023-01-30,2023-11-26,0
CLT01207,24,En couple,Retraité,Île-de-France,24,Multirisque Pro,Essentiel,Web,194.99,0,0.0,1.0,1,0,4.0,1,2022-03-31,2023-02-02,0
CLT01208,50,Célibataire,Retraité,Hauts-de-France,120,Multirisque Pro,Confort,Web,241.04,2,682.91,1.0,0,0,4.0,0,2023-11-10,2024-03-27,1
CLT01209,54,Célibataire,Salarié,Auvergne-Rhône-Alpes,72,Assurance Habitation,Essentiel,Web,49.38,0,0.0,0.0,2,1,4.0,0,2023-03-22,2024-03-22,0
CLT01210,43,Marié(e),Indépendant,Grand Est,168,Assurance Auto,Essentiel,Courtier,75.13,3,7112.65,1.0,3,0,3.0,1,2022-09-21,2024-01-21,1
CLT01211,65,Célibataire,Fonctionnaire,Hauts-de-France,60,Assurance Auto,Premium,Web,157.64,0,0.0,0.0,1,0,4.0,1,2022-08-18,2024-03-29,1
CLT01212,31,Veuf/Veuve,Sans emploi,Grand Est,168,Multirisque Pro,Essentiel,Courtier,211.96,3,2003.15,2.0,2,0,3.0,0,2023-03-24,2024-05-10,1
CLT01213,36,Marié(e),Salarié,PACA,24,Assurance Habitation,Essentiel,Courtier,41.74,0,0.0,0.0,1,0,4.0,1,2022-04-25,2022-07-25,0
CLT01214,47,Marié(e),Indépendant,PACA,24,Assurance Santé,Premium,Web,229.22,0,0.0,1.0,0,0,,0,2022-11-17,2023-12-11,1
CLT01215,36,Célibataire,Sans emploi,Nouvelle-Aquitaine,168,Multirisque Pro,Premium,Agence,410.89,0,0.0,1.0,0,0,5.0,0,2023-07-03,2023-10-08,0
CLT01216,66,En couple,Sans emploi,Bretagne,84,Assurance Vie,Confort,Courtier,94.76,0,0.0,0.0,2,2,4.0,0,2023-11-11,2024-04-13,1
CLT01217,72,Célibataire,Sans emploi,Grand Est,48,Multirisque Pro,Essentiel,Agence,189.08,2,4693.09,0.0,1,0,3.0,0,2023-04-17,2023-09-25,1
CLT01218,71,Veuf/Veuve,Indépendant,Hauts-de-France,12,Assurance Habitation,Confort,Web,65.0,0,0.0,3.0,2,0,4.0,1,2023-09-08,2024-01-31,0
CLT01219,53,Marié(e),Sans emploi,Bretagne,156,Assurance Habitation,Premium,Agence,90.34,1,773.44,0.0,3,2,1.0,0,2023-12-07,2024-01-07,0
CLT01220,33,Veuf/Veuve,Fonctionnaire,Occitanie,120,Assurance Santé,Premium,Téléphone,246.7,0,0.0,3.0,2,0,3.0,0,2023-12-23,2024-03-28,1
CLT01221,23,En couple,Salarié,Occitanie,120,Assurance Auto,Confort,Web,130.48,1,2960.73,2.0,2,0,2.0,0,2022-07-03,2023-11-14,0
CLT01222,70,Veuf/Veuve,Fonctionnaire,Île-de-France,24,Assurance Vie,Confort,Web,76.1,0,0.0,2.0,0,0,1.0,0,2023-03-09,2024-02-19,1
CLT01223,69,Célibataire,Sans emploi,Grand Est,60,Assurance Vie,Confort,Téléphone,99.13,0,0.0,1.0,0,0,2.0,1,2022-10-17,2023-08-02,1
CLT01224,31,En couple,Fonctionnaire,PACA,96,Assurance Habitation,Premium,Téléphone,87.53,1,831.28,0.0,2,1,2.0,0,2023-08-18,2023-09-14,0
CLT01225,31,Veuf/Veuve,Retraité,Auvergne-Rhône-Alpes,168,Assurance Santé,Confort,Web,198.1,1,1880.61,4.0,0,0,3.0,0,2022-10-26,2023-03-23,0
CLT01226,60,Marié(e),Sans emploi,Île-de-France,72,Assurance Habitation,Essentiel,Web,44.28,0,0.0,0.0,3,0,4.0,0,2022-04-15,2024-03-09,0
CLT01227,65,Célibataire,Salarié,Auvergne-Rhône-Alpes,48,Assurance Habitation,Confort,Téléphone,67.26,0,0.0,0.0,3,1,4.0,0,2022-12-31,2024-04-29,0
CLT01228,49,Veuf/Veuve,Indépendant,Bretagne,156,Assurance Habitation,Essentiel,Agence,51.16,1,2966.33,0.0,1,0,5.0,0,2023-10-05,2024-04-28,0
CLT01229,74,Veuf/Veuve,Retraité,Occitanie,144,Assurance Habitation,Essentiel,Agence,49.44,1,323.12,2.0,2,0,2.0,0,2022-11-06,2023-05-01,0
CLT01230,24,Veuf/Veuve,Fonctionnaire,Hauts-de-France,12,Assurance Vie,Premium,Agence,119.94,0,0.0,1.0,3,0,4.0,0,2023-10-10,2024-05-24,0
CLT01231,50,Célibataire,Salarié,PACA,84,Assurance Santé,Essentiel,Agence,120.49,1,1907.14,0.0,2,0,4.0,0,2023-05-16,2024-04-08,0
CLT01232,43,Marié(e),Salarié,Hauts-de-France,24,Multirisque Pro,Essentiel,Agence,216.97,0,0.0,1.0,0,0,3.0,0,2023-08-31,2023-12-01,0
CLT01233,64,En couple,Salarié,Nouvelle-Aquitaine,60,Assurance Vie,Confort,Téléphone,81.72,0,0.0,3.0,0,3,5.0,0,2022-11-30,2023-02-03,1
CLT01234,51,Veuf/Veuve,Sans emploi,Île-de-France,60,Multirisque Pro,Essentiel,Téléphone,171.74,0,0.0,3.0,0,1,1.0,0,2023-07-04,2024-03-31,1
CLT01235,51,Célibataire,Indépendant,Occitanie,48,Assurance Vie,Essentiel,Agence,69.79,1,772.51,4.0,1,1,4.0,0,2023-09-06,2023-12-07,0
CLT01236,48,Célibataire,Salarié,Bretagne,156,Assurance Auto,Premium,Téléphone,160.43,0,0.0,0.0,2,0,5.0,0,2022-05-12,2023-12-21,0
CLT01237,59,Marié(e),Salarié,PACA,156,Assurance Habitation,Premium,Web,104.21,0,0.0,4.0,1,0,1.0,0,2022-03-28,2022-08-02,0
CLT01238,23,Veuf/Veuve,Salarié,Auvergne-Rhône-Alpes,96,Multirisque Pro,Confort,Courtier,259.95,2,1822.6,0.0,0,0,2.0,0,2022-09-12,2023-07-16,0
CLT01239,53,En couple,Sans emploi,Hauts-de-France,48,Assurance Auto,Premium,Courtier,166.72,0,0.0,,3,2,3.0,1,2023-05-18,2024-05-07,1
CLT01240,44,Célibataire,Salarié,Occitanie,96,Assurance Santé,Premium,Courtier,246.75,0,0.0,4.0,3,1,5.0,0,2022-08-31,2022-10-07,0
CLT01241,48,En couple,Sans emploi,Occitanie,12,Assurance Habitation,Essentiel,Courtier,50.41,2,474.1,1.0,0,0,5.0,0,2023-07-20,2023-11-07,1
CLT01242,35,Veuf/Veuve,Salarié,Auvergne-Rhône-Alpes,168,Multirisque Pro,Confort,Courtier,240.71,2,1185.6,3.0,0,0,3.0,0,2023-07-18,2023-11-25,1
CLT01243,39,Veuf/Veuve,Salarié,Grand Est,132,Assurance Santé,Confort,Web,166.53,0,0.0,0.0,1,1,4.0,0,2022-09-18,2023-11-27,1
CLT01244,33,Marié(e),Indépendant,PACA,168,Assurance Habitation,Premium,Web,103.04,1,2228.48,0.0,3,0,3.0,0,2024-01-02,2024-04-06,1
CLT01245,36,En couple,Fonctionnaire,Grand Est,132,Multirisque Pro,Premium,Web,469.09,1,1851.38,2.0,1,0,1.0,0,2023-03-21,2023-10-01,0
CLT01246,59,Marié(e),Salarié,PACA,12,Assurance Auto,Premium,Web,167.24,0,0.0,0.0,3,0,5.0,0,2023-06-29,2023-08-24,0
CLT01247,33,Célibataire,Fonctionnaire,Bretagne,48,Multirisque Pro,Confort,Agence,282.11,1,1507.51,0.0,3,0,4.0,0,2022-12-08,2023-09-13,1
CLT01248,74,Célibataire,Retraité,Île-de-France,12,Assurance Habitation,Essentiel,Courtier,45.83,0,0.0,2.0,2,0,5.0,0,2022-08-16,2023-09-07,0
CLT01249,66,Veuf/Veuve,Salarié,Nouvelle-Aquitaine,156,Assurance Auto,Essentiel,Web,80.46,1,554.82,2.0,2,0,3.0,0,2023-06-26,2023-12-21,0
CLT01250,39,Célibataire,Indépendant,PACA,108,Multirisque Pro,Confort,Courtier,279.28,2,3705.42,0.0,1,1,5.0,0,2022-11-22,2023-12-25,0
CLT01251,59,En couple,Fonctionnaire,Hauts-de-France,96,Assurance Habitation,Confort,Téléphone,71.69,1,446.03,1.0,0,1,4.0,0,2022-01-10,2023-12-14,0
CLT01252,31,En couple,Retraité,Auvergne-Rhône-Alpes,12,Multirisque Pro,Premium,Web,471.87,0,0.0,2.0,2,0,4.0,0,2023-08-05,2023-12-19,0
CLT01253,41,Veuf/Veuve,Retraité,Occitanie,108,Assurance Auto,Premium,Courtier,190.85,0,0.0,2.0,1,0,5.0,0,2022-07-07,2023-09-29,0
CLT01254,48,Veuf/Veuve,Sans emploi,Nouvelle-Aquitaine,72,Assurance Santé,Confort,Courtier,174.85,0,0.0,1.0,1,1,4.0,0,2022-08-23,2023-07-01,0
CLT01255,36,Célibataire,Salarié,Bretagne,156,Assurance Auto,Confort,Téléphone,127.59,0,0.0,0.0,0,3,4.0,0,2022-03-20,2024-04-05,0
CLT01256,35,Célibataire,Fonctionnaire,Île-de-France,144,Assurance Habitation,Essentiel,Web,52.51,2,1731.11,0.0,0,0,,1,2023-07-22,2024-03-30,0
CLT01257,34,Veuf/Veuve,Sans emploi,Hauts-de-France,84,Assurance Auto,Confort,Web,120.49,2,2649.13,2.0,3,0,5.0,0,2023-12-03,2024-05-24,0
CLT01258,66,Célibataire,Sans emploi,Grand Est,12,Multirisque Pro,Premium,Agence,441.65,0,0.0,2.0,2,0,4.0,0,2022-07-14,2022-07-21,0
CLT01259,25,Célibataire,Sans emploi,Occitanie,36,Assurance Vie,Premium,Courtier,130.38,0,0.0,1.0,3,2,4.0,0,2023-04-05,2023-06-30,0
CLT01260,69,Marié(e),Indépendant,PACA,132,Multirisque Pro,Essentiel,Web,208.22,0,0.0,0.0,0,0,2.0,0,2023-06-11,2023-12-08,0
CLT01261,73,En couple,Fonctionnaire,Grand Est,144,Assurance Auto,Confort,Téléphone,115.35,2,2389.5,0.0,1,0,3.0,0,2022-04-26,2023-04-07,1
CLT01262,23,Marié(e),Retraité,Nouvelle-Aquitaine,24,Assurance Habitation,Premium,Agence,103.43,0,0.0,2.0,3,1,,0,2022-10-28,2023-07-26,0
CLT01263,57,Marié(e),Sans emploi,Occitanie,84,Assurance Habitation,Essentiel,Téléphone,38.53,0,0.0,0.0,0,0,4.0,0,2022-02-06,2023-05-26,0
CLT01264,69,Célibataire,Sans emploi,Bretagne,12,Multirisque Pro,Confort,Agence,257.61,0,0.0,0.0,0,0,2.0,1,2023-04-17,2023-10-02,0
CLT01265,71,Marié(e),Indépendant,Île-de-France,84,Assurance Santé,Confort,Agence,177.73,1,2531.72,,1,0,2.0,0,2023-02-16,2023-08-16,0
CLT01266,26,En couple,Salarié,Hauts-de-France,36,Assurance Auto,Essentiel,Téléphone,71.41,2,3571.35,2.0,0,0,5.0,0,2023-06-26,2024-03-15,0
CLT01267,71,Célibataire,Indépendant,Hauts-de-France,60,Assurance Habitation,Confort,Agence,64.36,0,0.0,0.0,0,1,3.0,0,2023-11-04,2024-01-07,0
CLT01268,50,Marié(e),Fonctionnaire,Bretagne,120,Assurance Habitation,Confort,Téléphone,53.64,0,0.0,0.0,0,0,5.0,0,2023-03-15,2024-06-13,0
CLT01269,24,Veuf/Veuve,Retraité,PACA,168,Assurance Habitation,Premium,Courtier,81.28,1,2768.79,1.0,1,0,4.0,0,2022-06-15,2022-11-05,0
CLT01270,26,Marié(e),Indépendant,Île-de-France,36,Assurance Santé,Premium,Téléphone,246.85,0,0.0,0.0,0,0,5.0,0,2022-04-24,2022-11-04,0
CLT01271,29,Veuf/Veuve,Fonctionnaire,Grand Est,12,Assurance Santé,Essentiel,Web,136.09,1,944.24,0.0,1,0,3.0,0,2022-02-02,2022-07-16,0
CLT01272,64,Veuf/Veuve,Retraité,PACA,132,Assurance Habitation,Confort,Courtier,71.31,0,0.0,2.0,0,0,5.0,0,2023-07-18,2024-03-27,0
CLT01273,49,En couple,Salarié,Grand Est,120,Assurance Habitation,Confort,Téléphone,58.1,3,810.03,2.0,3,0,,0,2022-04-21,2022-05-12,1
CLT01274,54,En couple,Salarié,Île-de-France,108,Assurance Habitation,Essentiel,Courtier,39.28,0,0.0,0.0,0,0,4.0,0,2023-11-26,2024-06-25,0
CLT01275,37,Veuf/Veuve,Fonctionnaire,Grand Est,24,Assurance Santé,Confort,Agence,159.36,0,0.0,0.0,1,0,3.0,0,2022-10-16,2024-02-25,0
CLT01276,66,En couple,Indépendant,Auvergne-Rhône-Alpes,120,Assurance Auto,Confort,Web,110.91,4,9996.58,1.0,2,0,5.0,0,2022-10-15,2023-02-09,0
CLT01277,46,En couple,Retraité,Grand Est,144,Assurance Santé,Premium,Web,228.04,0,0.0,0.0,0,0,2.0,1,2023-12-25,2024-01-20,0
CLT01278,52,En couple,Indépendant,Occitanie,12,Multirisque Pro,Premium,Web,479.83,0,0.0,0.0,3,2,4.0,1,2022-05-04,2022-09-16,1
CLT01279,47,En couple,Retraité,Occitanie,72,Assurance Vie,Essentiel,Courtier,63.06,2,4253.44,0.0,0,1,5.0,1,2022-01-19,2023-10-12,0
CLT01280,55,Veuf/Veuve,Sans emploi,Grand Est,168,Assurance Habitation,Essentiel,Agence,40.96,0,0.0,1.0,3,0,3.0,0,2022-11-10,2023-07-04,0
CLT01281,41,Célibataire,Sans emploi,Hauts-de-France,60,Assurance Habitation,Confort,Téléphone,74.44,0,0.0,0.0,0,0,2.0,0,2023-03-14,2024-02-06,1
CLT01282,58,Marié(e),Fonctionnaire,Nouvelle-Aquitaine,144,Assurance Auto,Confort,Agence,129.1,2,651.64,0.0,2,2,5.0,0,2022-12-26,2024-02-27,1
CLT01283,70,Célibataire,Salarié,Auvergne-Rhône-Alpes,84,Assurance Habitation,Confort,Agence,55.9,0,0.0,0.0,1,0,4.0,0,2022-02-23,2023-12-31,0
CLT01284,55,Marié(e),Sans emploi,Hauts-de-France,48,Assurance Santé,Essentiel,Courtier,102.67,0,0.0,1.0,2,0,,0,2022-04-14,2023-06-29,0
CLT01285,50,Marié(e),Fonctionnaire,Bretagne,60,Assurance Habitation,Confort,Téléphone,60.42,0,0.0,3.0,2,0,2.0,1,2022-04-25,2022-08-02,1
CLT01286,48,Marié(e),Fonctionnaire,Bretagne,132,Assurance Auto,Premium,Web,143.12,0,0.0,2.0,3,0,4.0,1,2023-08-27,2024-05-23,0
CLT01287,34,En couple,Sans emploi,Nouvelle-Aquitaine,24,Multirisque Pro,Confort,Web,324.14,2,5603.16,1.0,3,0,4.0,1,2023-01-29,2023-04-28,0
CLT01288,38,En couple,Indépendant,Île-de-France,60,Assurance Auto,Essentiel,Agence,68.16,0,0.0,0.0,3,0,4.0,0,2023-12-23,2024-04-15,0
CLT01289,54,Veuf/Veuve,Indépendant,Nouvelle-Aquitaine,84,Assurance Auto,Essentiel,Courtier,94.2,2,2262.83,0.0,1,0,4.0,0,2023-07-01,2023-09-17,0
CLT01290,72,Marié(e),Sans emploi,Grand Est,96,Assurance Auto,Essentiel,Web,80.09,1,919.56,0.0,2,0,5.0,0,2022-12-22,2023-12-31,0
CLT01291,55,Célibataire,Retraité,Grand Est,36,Assurance Vie,Premium,Agence,143.45,0,0.0,0.0,3,0,3.0,0,2023-03-06,2023-11-29,0
CLT01292,70,En couple,Fonctionnaire,Nouvelle-Aquitaine,48,Multirisque Pro,Essentiel,Web,219.31,1,465.12,2.0,3,0,4.0,0,2022-02-16,2023-09-18,0
CLT01293,38,Veuf/Veuve,Sans emploi,Grand Est,48,Assurance Auto,Premium,Web,191.55,0,0.0,1.0,3,0,5.0,0,2023-06-10,2023-07-18,0
CLT01294,38,Veuf/Veuve,Sans emploi,Grand Est,12,Assurance Habitation,Confort,Téléphone,59.96,0,0.0,1.0,0,0,5.0,0,2022-10-06,2023-05-05,1
CLT01295,57,Célibataire,Sans emploi,Occitanie,36,Assurance Habitation,Essentiel,Web,39.91,3,8503.25,0.0,3,1,4.0,0,2023-04-12,2023-12-25,0
CLT01296,52,Marié(e),Fonctionnaire,Occitanie,48,Multirisque Pro,Confort,Courtier,293.9,0,0.0,1.0,2,1,4.0,0,2023-07-20,2023-09-18,0
CLT01297,47,Marié(e),Salarié,Occitanie,96,Assurance Habitation,Essentiel,Agence,52.99,0,0.0,0.0,1,0,5.0,1,2023-10-17,2023-12-31,0
CLT01298,51,En couple,Indépendant,Île-de-France,120,Assurance Santé,Essentiel,Courtier,138.57,1,2562.23,0.0,3,0,1.0,1,2023-07-02,2023-08-30,0
CLT01299,69,Marié(e),Salarié,Bretagne,96,Assurance Auto,Premium,Courtier,171.06,0,0.0,4.0,0,0,5.0,1,2023-12-24,2024-05-12,0
CLT01300,73,Marié(e),Fonctionnaire,Grand Est,24,Assurance Santé,Premium,Web,214.08,0,0.0,0.0,1,0,3.0,1,2022-02-28,2023-11-30,0
CLT01301,53,En couple,Fonctionnaire,Nouvelle-Aquitaine,156,Assurance Auto,Confort,Web,118.12,4,7542.26,2.0,0,0,4.0,1,2022-01-17,2023-07-21,1
CLT01302,58,En couple,Retraité,Nouvelle-Aquitaine,120,Multirisque Pro,Essentiel,Téléphone,213.71,2,5645.93,2.0,2,0,3.0,0,2022-08-14,2023-07-12,0
CLT01303,25,Veuf/Veuve,Indépendant,Auvergne-Rhône-Alpes,156,Assurance Santé,Essentiel,Téléphone,121.79,0,0.0,2.0,0,0,3.0,0,2023-03-21,2023-09-25,0
CLT01304,42,En couple,Retraité,Hauts-de-France,96,Assurance Habitation,Confort,Agence,54.78,0,0.0,1.0,0,0,3.0,0,2022-07-09,2023-01-05,0
CLT01305,28,Marié(e),Salarié,Auvergne-Rhône-Alpes,120,Assurance Habitation,Premium,Téléphone,98.29,1,1674.89,0.0,1,1,4.0,0,2022-11-14,2023-04-29,0
CLT01306,58,En couple,Salarié,PACA,96,Assurance Habitation,Confort,Web,53.79,3,5667.79,0.0,3,0,4.0,0,2023-03-13,2023-07-16,1
CLT01307,33,En couple,Salarié,PACA,84,Assurance Vie,Premium,Téléphone,137.37,2,1693.27,0.0,3,1,2.0,0,2023-09-10,2023-10-31,1
CLT01308,68,Célibataire,Salarié,PACA,96,Assurance Vie,Confort,Agence,88.85,0,0.0,2.0,3,0,2.0,0,2022-05-16,2023-01-25,1
CLT01309,57,Célibataire,Salarié,Île-de-France,120,Assurance Auto,Confort,Web,111.51,0,0.0,1.0,1,0,3.0,0,2023-07-10,2023-12-30,0
CLT01310,41,Veuf/Veuve,Indépendant,Hauts-de-France,84,Assurance Auto,Essentiel,Web,72.85,0,0.0,0.0,3,3,4.0,0,2022-11-11,2023-10-16,1
CLT01311,56,Marié(e),Sans emploi,Île-de-France,60,Assurance Vie,Essentiel,Web,68.48,2,4199.4,4.0,3,0,4.0,0,2022-05-07,2022-05-28,1
CLT01312,54,Veuf/Veuve,Indépendant,PACA,48,Assurance Auto,Essentiel,Courtier,93.15,1,1730.24,1.0,3,1,3.0,0,2022-01-02,2022-08-19,0
CLT01313,46,En couple,Fonctionnaire,Grand Est,48,Assurance Auto,Essentiel,Téléphone,91.56,0,0.0,1.0,0,0,5.0,0,2023-11-03,2024-01-15,0
CLT01314,29,Veuf/Veuve,Indépendant,PACA,48,Assurance Habitation,Premium,Téléphone,94.55,0,0.0,1.0,2,0,3.0,0,2022-04-23,2022-12-08,0
CLT01315,26,Marié(e),Salarié,PACA,132,Assurance Auto,Confort,Courtier,101.3,3,917.39,4.0,3,3,5.0,0,2023-01-05,2023-04-01,1
CLT01316,49,Veuf/Veuve,Sans emploi,Auvergne-Rhône-Alpes,72,Assurance Auto,Premium,Web,185.97,1,2215.97,0.0,3,0,5.0,1,2022-12-09,2023-06-12,0
CLT01317,72,Marié(e),Salarié,Nouvelle-Aquitaine,156,Assurance Vie,Essentiel,Courtier,71.16,0,0.0,3.0,1,0,5.0,0,2022-10-05,2024-02-28,0
CLT01318,66,En couple,Indépendant,Île-de-France,120,Assurance Santé,Confort,Agence,196.64,0,0.0,2.0,3,3,5.0,0,2022-11-24,2023-04-24,1
CLT01319,23,Célibataire,Sans emploi,PACA,132,Assurance Vie,Confort,Téléphone,91.86,0,0.0,4.0,3,0,5.0,1,2023-03-14,2024-03-20,0
CLT01320,65,En couple,Indépendant,Bretagne,144,Assurance Santé,Essentiel,Agence,137.75,1,779.15,1.0,0,1,4.0,0,2023-01-30,2024-01-26,0
CLT01321,64,Veuf/Veuve,Sans emploi,Hauts-de-France,48,Assurance Santé,Confort,Téléphone,201.21,1,849.17,0.0,3,0,3.0,0,2023-10-14,2024-04-01,0
CLT01322,67,Veuf/Veuve,Sans emploi,Grand Est,132,Assurance Habitation,Premium,Web,89.24,0,0.0,0.0,1,1,5.0,0,2023-05-25,2024-02-24,0
CLT01323,72,Célibataire,Sans emploi,Grand Est,12,Multirisque Pro,Confort,Web,279.98,0,0.0,4.0,1,3,4.0,0,2023-03-08,2023-12-02,1
CLT01324,60,En couple,Fonctionnaire,PACA,36,Multirisque Pro,Premium,Web,406.74,3,6681.47,1.0,3,1,1.0,0,2022-01-03,2022-07-30,0
CLT01325,71,Célibataire,Salarié,Auvergne-Rhône-Alpes,96,Assurance Auto,Confort,Téléphone,98.11,0,0.0,1.0,0,0,4.0,0,2022-12-24,2023-12-28,0
CLT01326,72,Veuf/Veuve,Indépendant,Auvergne-Rhône-Alpes,60,Assurance Habitation,Confort,Téléphone,60.71,1,2614.45,0.0,2,1,5.0,0,2022-08-04,2023-03-21,0
CLT01327,39,En couple,Retraité,PACA,12,Assurance Auto,Premium,Web,142.32,0,0.0,1.0,1,0,5.0,0,2022-01-27,2024-01-09,1
CLT01328,41,Célibataire,Retraité,PACA,72,Assurance Vie,Confort,Agence,92.65,0,0.0,2.0,0,0,3.0,0,2023-09-01,2023-11-20,0
CLT01329,67,Célibataire,Indépendant,Auvergne-Rhône-Alpes,132,Assurance Auto,Essentiel,Courtier,92.57,0,0.0,2.0,0,0,5.0,1,2022-03-20,2022-04-01,0
CLT01330,58,Veuf/Veuve,Indépendant,Auvergne-Rhône-Alpes,36,Multirisque Pro,Confort,Web,303.69,0,0.0,1.0,3,0,3.0,1,2023-06-25,2024-06-16,0
CLT01331,49,Veuf/Veuve,Salarié,Bretagne,120,Assurance Santé,Confort,Téléphone,190.11,1,482.47,1.0,3,0,4.0,0,2022-10-21,2023-02-11,0
CLT01332,70,En couple,Salarié,Auvergne-Rhône-Alpes,96,Assurance Habitation,Essentiel,Agence,40.29,0,39404.53,1.0,0,0,5.0,0,2023-02-10,2024-04-11,0
CLT01333,49,Marié(e),Indépendant,Nouvelle-Aquitaine,24,Assurance Vie,Premium,Téléphone,105.26,0,0.0,0.0,1,2,4.0,0,2023-03-10,2024-06-28,0
CLT01334,57,En couple,Indépendant,Grand Est,156,Assurance Habitation,Confort,Agence,61.86,0,0.0,1.0,1,0,4.0,1,2023-02-15,2023-12-28,1
CLT01335,69,Célibataire,Retraité,Auvergne-Rhône-Alpes,108,Assurance Auto,Essentiel,Téléphone,86.6,1,306.39,1.0,2,0,5.0,1,2023-05-04,2023-10-11,0
CLT01336,74,Marié(e),Retraité,Île-de-France,120,Assurance Vie,Confort,Web,84.26,2,5573.43,1.0,2,0,4.0,0,2022-07-19,2023-04-21,0
CLT01337,70,Marié(e),Salarié,Bretagne,72,Assurance Auto,Essentiel,Agence,84.49,0,0.0,1.0,3,0,5.0,1,2022-09-03,2023-06-18,0
CLT01338,61,En couple,Sans emploi,PACA,12,Assurance Habitation,Premium,Agence,82.03,1,2931.23,3.0,2,0,5.0,0,2022-01-12,2024-02-25,0
CLT01339,52,En couple,Fonctionnaire,Île-de-France,84,Assurance Santé,Essentiel,Web,123.38,4,11812.02,1.0,0,0,2.0,0,2022-03-29,2023-11-02,1
CLT01340,59,Célibataire,Fonctionnaire,Île-de-France,168,Multirisque Pro,Essentiel,Téléphone,181.83,0,0.0,0.0,3,0,5.0,0,2022-04-06,2023-02-16,1
CLT01341,38,En couple,Fonctionnaire,Grand Est,108,Assurance Auto,Confort,Courtier,105.83,1,2936.13,0.0,1,0,2.0,0,2023-02-05,2024-02-04,0
CLT01342,38,Veuf/Veuve,Sans emploi,Bretagne,24,Assurance Habitation,Premium,Agence,107.75,0,0.0,0.0,1,0,4.0,1,2022-04-14,2023-09-10,0
CLT01343,22,Célibataire,Fonctionnaire,Hauts-de-France,84,Assurance Habitation,Essentiel,Téléphone,41.55,4,8280.03,2.0,2,0,4.0,0,2022-06-15,2022-11-17,0
CLT01344,67,En couple,Indépendant,Occitanie,48,Assurance Vie,Essentiel,Agence,62.2,2,5897.67,1.0,1,1,4.0,0,2022-06-14,2023-11-09,1
CLT01345,31,En couple,Fonctionnaire,Hauts-de-France,24,Multirisque Pro,Premium,Courtier,450.78,1,1795.51,0.0,0,1,5.0,0,2022-10-25,2023-10-28,0
CLT01346,54,En couple,Indépendant,Grand Est,84,Multirisque Pro,Confort,Agence,296.94,1,1289.66,1.0,2,0,4.0,1,2023-09-18,2023-10-26,1
CLT01347,31,Célibataire,Indépendant,PACA,72,Assurance Habitation,Premium,Téléphone,85.71,0,0.0,0.0,2,0,4.0,1,2022-11-13,2024-05-26,1
CLT01348,47,Marié(e),Indépendant,Hauts-de-France,12,Assurance Auto,Confort,Agence,114.65,0,0.0,4.0,0,0,5.0,0,2022-10-30,2023-04-13,0
CLT01349,65,Célibataire,Salarié,Bretagne,24,Assurance Auto,Confort,Courtier,130.04,0,0.0,1.0,0,0,4.0,0,2022-07-03,2024-06-29,0
CLT01350,51,Veuf/Veuve,Indépendant,Nouvelle-Aquitaine,168,Assurance Vie,Confort,Téléphone,91.52,0,0.0,1.0,0,2,4.0,1,2022-05-07,2023-12-10,0
CLT01351,42,Veuf/Veuve,Retraité,Nouvelle-Aquitaine,24,Assurance Vie,Essentiel,Courtier,51.17,1,391.07,0.0,2,2,2.0,0,2023-09-27,2023-12-02,1
CLT01352,73,Célibataire,Retraité,Bretagne,24,Assurance Vie,Confort,Courtier,74.09,0,0.0,1.0,0,0,3.0,0,2023-06-03,2024-01-19,1
CLT01353,45,En couple,Sans emploi,Île-de-France,60,Assurance Santé,Premium,Agence,275.05,3,7863.6,,0,1,3.0,0,2022-01-09,2022-06-16,1
CLT01354,32,Veuf/Veuve,Salarié,Auvergne-Rhône-Alpes,12,Assurance Auto,Confort,Téléphone,104.05,0,0.0,4.0,2,1,3.0,0,2022-08-17,2023-09-18,1
CLT01355,29,Veuf/Veuve,Retraité,Bretagne,120,Assurance Vie,Premium,Agence,134.54,0,0.0,1.0,2,0,2.0,0,2023-10-20,2024-03-04,0
CLT01356,62,Célibataire,Retraité,Auvergne-Rhône-Alpes,156,Assurance Vie,Essentiel,Agence,67.07,3,7735.61,4.0,3,2,3.0,0,2023-03-20,2023-06-30,1
CLT01357,56,Marié(e),Sans emploi,Bretagne,72,Assurance Vie,Confort,Agence,86.9,2,2152.5,,3,0,3.0,0,2023-05-13,2023-08-29,1
CLT01358,22,Célibataire,Sans emploi,Hauts-de-France,144,Assurance Vie,Essentiel,Courtier,69.45,1,1714.99,4.0,0,1,4.0,1,2022-06-09,2023-10-03,0
CLT01359,68,Célibataire,Sans emploi,Bretagne,96,Assurance Habitation,Premium,Web,81.42,0,0.0,0.0,0,0,4.0,0,2023-01-25,2023-03-29,0
CLT01360,36,Célibataire,Indépendant,Occitanie,144,Assurance Santé,Confort,Téléphone,153.79,1,2119.32,0.0,3,2,4.0,0,2022-01-24,2024-03-10,0
CLT01361,39,Célibataire,Indépendant,Auvergne-Rhône-Alpes,12,Assurance Vie,Confort,Courtier,74.37,0,0.0,1.0,0,0,4.0,0,2022-03-12,2022-12-17,0
CLT01362,45,Veuf/Veuve,Sans emploi,Hauts-de-France,156,Assurance Vie,Essentiel,Courtier,56.57,1,1438.51,1.0,2,0,3.0,1,2022-08-08,2024-06-23,1
CLT01363,41,Veuf/Veuve,Fonctionnaire,PACA,60,Assurance Santé,Essentiel,Agence,125.62,0,0.0,4.0,2,3,4.0,0,2022-11-01,2023-04-18,1
CLT01364,33,Veuf/Veuve,Sans emploi,Hauts-de-France,120,Assurance Habitation,Confort,Téléphone,64.82,0,0.0,1.0,0,0,1.0,1,2023-12-07,2024-06-24,0
CLT01365,71,Veuf/Veuve,Salarié,Bretagne,48,Assurance Habitation,Premium,Téléphone,104.12,1,243.16,2.0,3,0,4.0,0,2023-07-29,2024-05-29,0
CLT01366,67,Marié(e),Salarié,Bretagne,36,Assurance Habitation,Essentiel,Web,53.53,3,7298.31,1.0,2,0,3.0,0,2022-06-04,2023-09-16,1
CLT01367,57,Veuf/Veuve,Fonctionnaire,PACA,144,Assurance Habitation,Confort,Courtier,66.9,1,2104.6,0.0,1,0,4.0,0,2023-06-18,2024-06-21,0
CLT01368,29,Célibataire,Salarié,Hauts-de-France,24,Assurance Auto,Confort,Web,110.41,0,0.0,0.0,3,0,4.0,0,2022-08-12,2023-02-20,1
CLT01369,26,En couple,Fonctionnaire,Grand Est,24,Assurance Vie,Premium,Web,135.78,0,0.0,,1,2,4.0,0,2022-08-03,2023-02-14,0
CLT01370,35,Célibataire,Fonctionnaire,Bretagne,144,Multirisque Pro,Essentiel,Courtier,205.83,1,1070.83,0.0,0,0,4.0,1,2022-11-11,2024-04-08,0
CLT01371,59,Veuf/Veuve,Retraité,Hauts-de-France,156,Assurance Auto,Premium,Téléphone,140.49,0,0.0,0.0,0,0,3.0,0,2022-12-27,2023-12-22,0
CLT01372,74,En couple,Retraité,PACA,24,Multirisque Pro,Confort,Courtier,323.5,1,2693.66,0.0,1,0,4.0,0,2023-03-15,2023-09-22,0
CLT01373,52,Veuf/Veuve,Fonctionnaire,Grand Est,84,Assurance Habitation,Premium,Web,76.54,1,729.25,0.0,0,0,3.0,0,2023-11-07,2024-05-01,0
CLT01374,66,Célibataire,Salarié,PACA,60,Assurance Vie,Premium,Courtier,124.56,2,677.12,3.0,2,2,4.0,0,2022-04-02,2024-01-27,1
CLT01375,58,Veuf/Veuve,Sans emploi,PACA,156,Assurance Auto,Premium,Téléphone,169.91,1,2000.21,3.0,3,0,4.0,0,2023-07-12,2023-09-01,0
CLT01376,47,Veuf/Veuve,Indépendant,Nouvelle-Aquitaine,72,Assurance Vie,Premium,Agence,128.67,1,2398.26,0.0,2,0,5.0,0,2022-08-17,2023-11-25,0
CLT01377,49,Veuf/Veuve,Salarié,Occitanie,168,Multirisque Pro,Confort,Agence,314.35,1,366.67,1.0,1,0,4.0,0,2022-12-26,2024-04-14,0
CLT01378,53,Marié(e),Indépendant,Île-de-France,156,Assurance Vie,Premium,Téléphone,116.49,0,0.0,1.0,2,0,2.0,0,2023-06-04,2023-10-27,1
CLT01379,53,Veuf/Veuve,Indépendant,Nouvelle-Aquitaine,48,Assurance Santé,Premium,Courtier,280.18,0,0.0,1.0,1,2,5.0,0,2022-01-05,2023-03-05,0
CLT01380,63,Marié(e),Sans emploi,Auvergne-Rhône-Alpes,156,Assurance Auto,Essentiel,Agence,70.51,1,1586.6,0.0,1,0,4.0,0,2023-09-07,2024-02-16,0
CLT01381,24,Veuf/Veuve,Indépendant,Occitanie,72,Assurance Santé,Essentiel,Téléphone,118.17,0,0.0,0.0,2,2,4.0,1,2023-09-24,2024-04-12,0
CLT01382,64,Veuf/Veuve,Indépendant,Auvergne-Rhône-Alpes,36,Assurance Auto,Premium,Téléphone,137.96,0,0.0,0.0,1,0,5.0,1,2023-02-17,2024-05-24,0
CLT01383,45,En couple,Salarié,Grand Est,108,Assurance Santé,Premium,Web,264.57,1,1782.34,2.0,3,0,3.0,0,2023-12-29,2024-01-30,0
CLT01384,30,En couple,Fonctionnaire,Nouvelle-Aquitaine,60,Multirisque Pro,Essentiel,Téléphone,221.67,0,0.0,0.0,0,0,3.0,0,2022-07-28,2022-10-31,1
CLT01385,46,En couple,Salarié,Île-de-France,156,Assurance Auto,Essentiel,Téléphone,75.96,1,1789.95,4.0,3,3,5.0,0,2023-09-25,2024-06-29,0
CLT01386,45,En couple,Retraité,Île-de-France,24,Assurance Auto,Premium,Téléphone,147.43,1,2767.73,0.0,0,0,1.0,1,2023-10-12,2024-04-12,0
CLT01387,33,En couple,Sans emploi,Nouvelle-Aquitaine,36,Assurance Habitation,Essentiel,Web,52.81,0,0.0,0.0,1,0,3.0,0,2022-09-09,2023-10-01,0
CLT01388,50,Célibataire,Indépendant,Nouvelle-Aquitaine,72,Assurance Santé,Premium,Agence,233.11,2,4647.3,0.0,0,0,3.0,0,2023-10-05,2023-10-16,0
CLT01389,25,Célibataire,Salarié,Hauts-de-France,168,Multirisque Pro,Essentiel,Agence,216.19,1,621.85,3.0,0,1,3.0,0,2022-05-26,2023-03-11,0
CLT01390,66,Veuf/Veuve,Fonctionnaire,PACA,72,Assurance Santé,Essentiel,Agence,123.89,3,5972.78,0.0,1,1,3.0,0,2022-08-01,2023-09-05,0
CLT01391,30,Célibataire,Retraité,Grand Est,24,Assurance Auto,Confort,Agence,99.84,0,0.0,0.0,3,0,5.0,0,2023-10-03,2023-11-11,0
CLT01392,29,Marié(e),Retraité,Grand Est,12,Assurance Habitation,Premium,Téléphone,99.23,0,0.0,3.0,1,0,4.0,0,2022-06-14,2022-12-15,0
CLT01393,68,Célibataire,Fonctionnaire,Île-de-France,168,Assurance Santé,Essentiel,Web,128.9,0,0.0,0.0,1,0,2.0,0,2022-12-22,2024-04-30,0
CLT01394,47,Marié(e),Salarié,Auvergne-Rhône-Alpes,144,Multirisque Pro,Premium,Agence,418.44,0,0.0,3.0,3,0,1.0,0,2022-07-17,2024-03-28,1
CLT01395,38,En couple,Fonctionnaire,Auvergne-Rhône-Alpes,144,Assurance Auto,Premium,Agence,154.33,0,0.0,0.0,2,0,4.0,0,2022-04-28,2022-12-06,0
CLT01396,23,Célibataire,Indépendant,Occitanie,96,Assurance Auto,Confort,Web,132.47,0,0.0,0.0,2,0,4.0,0,2022-10-02,2023-07-09,0
CLT01397,63,Marié(e),Retraité,Bretagne,168,Assurance Vie,Essentiel,Agence,52.92,1,691.72,0.0,2,1,5.0,0,2023-05-23,2024-01-01,0
CLT01398,57,En couple,Indépendant,Nouvelle-Aquitaine,12,Multirisque Pro,Confort,Web,303.76,1,2068.61,1.0,0,0,,0,2023-12-05,2024-06-05,0
CLT01399,73,En couple,Indépendant,Nouvelle-Aquitaine,96,Assurance Santé,Confort,Agence,200.11,0,0.0,0.0,2,1,4.0,0,2023-05-15,2023-12-22,0
CLT01400,59,Célibataire,Sans emploi,Bretagne,72,Assurance Vie,Confort,Courtier,85.15,0,0.0,0.0,0,0,4.0,0,2023-01-28,2024-04-11,0
CLT01401,42,Célibataire,Retraité,Bretagne,48,Assurance Habitation,Premium,Courtier,76.5,0,0.0,0.0,0,3,1.0,0,2022-06-21,2022-07-25,1
CLT01402,27,Marié(e),Retraité,Nouvelle-Aquitaine,156,Multirisque Pro,Confort,Téléphone,255.09,1,2875.16,1.0,2,0,4.0,0,2022-01-31,2022-05-28,0
CLT01403,46,Marié(e),Indépendant,Auvergne-Rhône-Alpes,12,Assurance Habitation,Confort,Téléphone,54.83,1,347.91,2.0,2,2,4.0,0,2022-03-16,2022-10-22,0
CLT01404,74,Célibataire,Salarié,Bretagne,96,Assurance Santé,Confort,Web,178.76,0,0.0,0.0,0,0,1.0,0,2022-11-23,2022-12-04,0
CLT01405,70,En couple,Sans emploi,Bretagne,72,Assurance Santé,Essentiel,Téléphone,123.53,0,0.0,1.0,0,1,3.0,1,2022-03-09,2023-04-07,1
CLT01406,43,Célibataire,Sans emploi,Occitanie,24,Assurance Santé,Premium,Web,270.63,1,481.12,4.0,2,0,4.0,0,2022-10-12,2024-06-25,0
CLT01407,24,Marié(e),Fonctionnaire,Grand Est,168,Assurance Auto,Premium,Téléphone,158.43,0,0.0,0.0,1,2,3.0,1,2022-07-22,2023-02-08,0
CLT01408,29,Marié(e),Retraité,Île-de-France,12,Assurance Auto,Confort,Téléphone,132.71,0,0.0,1.0,3,0,4.0,0,2022-05-03,2022-09-07,0
CLT01409,24,En couple,Sans emploi,Grand Est,132,Assurance Vie,Essentiel,Courtier,58.02,0,0.0,2.0,2,0,2.0,1,2022-01-22,2022-11-09,0
CLT01410,74,Marié(e),Indépendant,Hauts-de-France,120,Assurance Auto,Premium,Agence,158.44,0,0.0,2.0,0,0,,1,2023-02-17,2023-03-07,0
CLT01411,48,Célibataire,Salarié,Bretagne,108,Multirisque Pro,Premium,Agence,417.96,0,0.0,4.0,2,0,4.0,0,2023-04-27,2023-06-14,0
CLT01412,71,Marié(e),Fonctionnaire,Nouvelle-Aquitaine,48,Assurance Vie,Premium,Courtier,123.07,2,4850.48,4.0,0,0,2.0,0,2023-02-14,2023-03-26,0
CLT01413,40,Veuf/Veuve,Fonctionnaire,Île-de-France,12,Multirisque Pro,Confort,Téléphone,302.67,0,0.0,0.0,1,0,4.0,0,2023-12-15,2024-04-09,0
CLT01414,24,Célibataire,Salarié,Bretagne,48,Assurance Vie,Premium,Agence,102.46,2,1920.31,0.0,3,0,5.0,1,2022-08-18,2022-10-05,0
CLT01415,47,Veuf/Veuve,Indépendant,Bretagne,96,Assurance Auto,Essentiel,Agence,92.92,1,2909.41,5.0,1,0,5.0,1,2022-06-24,2022-09-22,0
CLT01416,64,Célibataire,Fonctionnaire,Île-de-France,72,Assurance Habitation,Premium,Courtier,106.17,1,2007.69,2.0,0,0,5.0,0,2022-02-14,2022-06-07,0
CLT01417,41,Marié(e),Sans emploi,Nouvelle-Aquitaine,132,Assurance Auto,Confort,Agence,107.94,1,2668.13,2.0,3,0,,0,2023-01-24,2023-10-27,0
CLT01418,65,En couple,Fonctionnaire,PACA,120,Assurance Habitation,Essentiel,Téléphone,46.6,2,4350.42,2.0,0,0,5.0,0,2022-06-01,2024-01-20,0
CLT01419,66,En couple,Sans emploi,PACA,156,Assurance Vie,Premium,Téléphone,109.95,1,287.7,0.0,3,0,3.0,0,2023-05-05,2024-04-07,0
CLT01420,63,En couple,Salarié,Hauts-de-France,84,Assurance Vie,Confort,Courtier,81.47,4,839.25,0.0,3,0,3.0,0,2022-09-28,2023-07-28,0
CLT01421,24,Célibataire,Salarié,Occitanie,168,Assurance Auto,Confort,Web,119.67,0,0.0,1.0,1,0,5.0,0,2023-05-22,2023-06-21,0
CLT01422,22,Veuf/Veuve,Indépendant,Hauts-de-France,60,Assurance Habitation,Essentiel,Web,38.8,0,0.0,2.0,1,0,3.0,0,2023-05-15,2023-07-07,0
CLT01423,36,Veuf/Veuve,Indépendant,Nouvelle-Aquitaine,72,Assurance Santé,Essentiel,Courtier,116.93,2,1061.67,0.0,2,0,5.0,0,2023-06-01,2023-07-25,0
CLT01424,73,Veuf/Veuve,Sans emploi,Grand Est,12,Assurance Habitation,Essentiel,Courtier,53.06,1,2629.33,0.0,3,0,4.0,0,2023-06-10,2023-09-21,0
CLT01425,43,Veuf/Veuve,Indépendant,Nouvelle-Aquitaine,36,Assurance Vie,Essentiel,Agence,71.28,0,0.0,0.0,2,1,3.0,0,2023-12-04,2024-02-20,1
CLT01426,62,Veuf/Veuve,Salarié,Auvergne-Rhône-Alpes,108,Multirisque Pro,Premium,Agence,446.9,3,2919.55,0.0,0,1,4.0,1,2022-04-23,2022-12-25,0
CLT01427,39,Célibataire,Retraité,Nouvelle-Aquitaine,132,Assurance Auto,Confort,Web,95.34,0,0.0,0.0,1,0,,0,2023-11-09,2024-03-23,0
CLT01428,60,Célibataire,Fonctionnaire,PACA,12,Assurance Vie,Confort,Courtier,80.9,0,0.0,2.0,0,0,4.0,1,2023-03-18,2023-07-04,0
CLT01429,73,Célibataire,Retraité,Bretagne,108,Assurance Habitation,Confort,Téléphone,74.58,2,2785.6,1.0,2,0,5.0,0,2022-10-07,2023-10-20,0
CLT01430,61,En couple,Fonctionnaire,Grand Est,132,Assurance Auto,Essentiel,Téléphone,77.22,0,0.0,0.0,3,0,3.0,1,2022-07-13,2023-08-29,1
CLT01431,69,Veuf/Veuve,Salarié,Hauts-de-France,120,Assurance Habitation,Premium,Courtier,85.58,0,0.0,4.0,1,1,3.0,0,2023-11-29,2023-12-11,0
CLT01432,29,Célibataire,Salarié,PACA,156,Assurance Habitation,Essentiel,Web,42.48,0,0.0,3.0,1,2,4.0,0,2023-08-13,2023-12-27,0
CLT01433,63,En couple,Sans emploi,Nouvelle-Aquitaine,36,Assurance Habitation,Essentiel,Agence,51.47,3,2892.54,0.0,3,0,5.0,1,2023-12-18,2024-06-18,1
CLT01434,71,En couple,Fonctionnaire,PACA,156,Assurance Vie,Confort,Téléphone,93.69,1,968.27,0.0,3,0,3.0,1,2023-05-23,2023-09-05,0
CLT01435,62,Marié(e),Salarié,Nouvelle-Aquitaine,156,Assurance Habitation,Essentiel,Courtier,39.11,0,0.0,1.0,3,1,4.0,0,2022-04-07,2022-10-13,0
CLT01436,63,En couple,Indépendant,Nouvelle-Aquitaine,12,Multirisque Pro,Premium,Téléphone,394.21,2,5829.38,0.0,0,0,1.0,0,2022-11-19,2023-01-29,1
CLT01437,31,En couple,Salarié,Hauts-de-France,156,Assurance Habitation,Essentiel,Courtier,47.18,0,0.0,1.0,2,0,3.0,0,2023-11-14,2024-03-14,1
CLT01438,30,Marié(e),Salarié,Auvergne-Rhône-Alpes,12,Assurance Vie,Confort,Agence,82.04,0,0.0,3.0,3,0,,0,2022-06-24,2024-05-19,1
CLT01439,51,Célibataire,Retraité,Hauts-de-France,24,Assurance Auto,Premium,Courtier,159.07,1,2986.15,4.0,0,0,5.0,0,2022-09-11,2024-01-07,0
CLT01440,27,En couple,Sans emploi,Nouvelle-Aquitaine,84,Assurance Auto,Essentiel,Agence,94.73,1,1709.76,,1,1,4.0,0,2023-05-31,2023-08-24,0
CLT01441,25,Marié(e),Retraité,Nouvelle-Aquitaine,144,Assurance Habitation,Essentiel,Agence,38.28,0,0.0,0.0,1,0,4.0,0,2023-05-18,2024-05-28,0
CLT01442,69,Marié(e),Fonctionnaire,Hauts-de-France,72,Assurance Santé,Premium,Courtier,253.82,0,0.0,0.0,0,0,5.0,1,2023-04-15,2023-04-21,1
CLT01443,63,Célibataire,Fonctionnaire,Hauts-de-France,156,Assurance Santé,Confort,Courtier,175.83,1,2533.54,2.0,0,1,3.0,0,2023-12-04,2024-04-14,0
CLT01444,34,En couple,Fonctionnaire,Occitanie,60,Assurance Auto,Essentiel,Téléphone,81.18,0,0.0,0.0,0,2,5.0,0,2023-05-25,2023-06-09,1
CLT01445,70,En couple,Salarié,Bretagne,36,Assurance Habitation,Premium,Téléphone,88.92,4,5627.89,0.0,1,0,2.0,0,2022-07-18,2023-08-08,0
CLT01446,73,Marié(e),Fonctionnaire,Auvergne-Rhône-Alpes,24,Assurance Auto,Confort,Téléphone,101.2,1,1197.9,1.0,3,1,4.0,0,2022-12-06,2024-01-10,0
CLT01447,73,En couple,Salarié,Nouvelle-Aquitaine,72,Multirisque Pro,Confort,Courtier,320.35,0,0.0,3.0,1,1,3.0,0,2023-08-17,2024-05-09,1
CLT01448,71,Veuf/Veuve,Sans emploi,Grand Est,24,Assurance Santé,Premium,Agence,221.62,0,0.0,4.0,2,0,4.0,1,2022-12-22,2023-10-13,0
CLT01449,31,Veuf/Veuve,Indépendant,Auvergne-Rhône-Alpes,108,Assurance Auto,Essentiel,Téléphone,80.29,0,0.0,1.0,2,0,3.0,1,2023-06-20,2023-11-15,0
CLT01450,63,Veuf/Veuve,Fonctionnaire,Nouvelle-Aquitaine,24,Multirisque Pro,Premium,Web,441.71,0,0.0,1.0,3,0,3.0,1,2022-03-08,2024-06-03,0
CLT01451,30,En couple,Fonctionnaire,Île-de-France,156,Assurance Santé,Essentiel,Téléphone,106.21,0,0.0,2.0,3,0,3.0,0,2023-08-31,2023-11-02,1
CLT01452,48,Veuf/Veuve,Fonctionnaire,Île-de-France,84,Assurance Auto,Confort,Courtier,123.77,0,0.0,0.0,2,2,5.0,1,2023-11-08,2024-06-08,1
CLT01453,71,Marié(e),Fonctionnaire,Auvergne-Rhône-Alpes,96,Assurance Auto,Essentiel,Courtier,71.6,0,0.0,,2,1,4.0,0,2023-05-30,2024-05-04,0
CLT01454,40,En couple,Indépendant,Nouvelle-Aquitaine,132,Multirisque Pro,Essentiel,Agence,221.71,3,7843.08,0.0,3,0,5.0,0,2023-03-19,2024-01-12,0
CLT01455,32,Veuf/Veuve,Fonctionnaire,Île-de-France,120,Assurance Auto,Confort,Web,118.77,0,0.0,3.0,1,0,5.0,0,2022-09-12,2024-06-25,0
CLT01456,35,Marié(e),Fonctionnaire,PACA,156,Assurance Vie,Confort,Téléphone,99.53,2,2665.29,0.0,1,2,4.0,1,2023-09-04,2024-02-10,0
CLT01457,35,En couple,Indépendant,Bretagne,120,Assurance Habitation,Premium,Téléphone,97.05,2,28356.76,2.0,1,0,2.0,0,2022-09-14,2023-01-30,0
CLT01458,69,Marié(e),Salarié,Nouvelle-Aquitaine,72,Assurance Vie,Premium,Web,128.62,0,0.0,3.0,2,0,1.0,0,2022-11-01,2024-06-03,0
CLT01459,42,Veuf/Veuve,Salarié,Grand Est,48,Assurance Vie,Premium,Web,111.56,0,0.0,1.0,0,2,4.0,0,2022-05-22,2023-11-12,0
CLT01460,62,Veuf/Veuve,Fonctionnaire,Bretagne,132,Assurance Vie,Premium,Courtier,126.0,0,0.0,1.0,2,0,4.0,0,2023-03-14,2023-11-07,0
CLT01461,29,Célibataire,Retraité,Île-de-France,156,Assurance Vie,Confort,Téléphone,80.55,0,0.0,,0,2,5.0,0,2022-04-01,2024-05-13,0
CLT01462,27,Marié(e),Indépendant,Occitanie,60,Assurance Habitation,Premium,Courtier,84.3,0,0.0,0.0,0,0,4.0,0,2023-09-28,2024-02-25,0
CLT01463,53,Célibataire,Retraité,Grand Est,12,Assurance Auto,Confort,Web,112.08,0,0.0,3.0,0,1,5.0,0,2023-06-15,2024-02-05,1
CLT01464,41,Célibataire,Fonctionnaire,Nouvelle-Aquitaine,60,Assurance Auto,Essentiel,Agence,95.93,2,2065.12,0.0,0,1,4.0,0,2023-09-01,2023-10-20,0
CLT01465,45,Célibataire,Salarié,Bretagne,156,Assurance Santé,Premium,Téléphone,265.95,0,0.0,1.0,2,0,5.0,0,2023-08-22,2024-05-09,0
CLT01466,29,Veuf/Veuve,Indépendant,Auvergne-Rhône-Alpes,120,Assurance Auto,Premium,Web,167.76,2,5831.58,1.0,0,0,3.0,0,2022-08-17,2024-06-02,1
CLT01467,65,Veuf/Veuve,Sans emploi,Île-de-France,12,Assurance Habitation,Confort,Courtier,60.35,1,718.46,1.0,0,0,4.0,0,2023-12-06,2024-01-26,0
CLT01468,33,Célibataire,Sans emploi,Auvergne-Rhône-Alpes,156,Assurance Auto,Essentiel,Agence,88.27,1,2357.16,0.0,0,3,1.0,0,2022-04-10,2022-12-19,1
CLT01469,22,Veuf/Veuve,Retraité,Île-de-France,120,Assurance Habitation,Essentiel,Téléphone,47.16,1,2349.59,3.0,2,0,5.0,0,2022-02-26,2022-06-30,1
CLT01470,22,En couple,Sans emploi,Auvergne-Rhône-Alpes,60,Assurance Santé,Confort,Téléphone,196.74,0,0.0,0.0,2,0,4.0,0,2022-09-24,2024-06-12,0
CLT01471,26,En couple,Salarié,Grand Est,24,Assurance Vie,Premium,Agence,113.62,1,1275.09,2.0,3,0,5.0,0,2022-07-09,2022-12-01,1
CLT01472,46,Veuf/Veuve,Fonctionnaire,Hauts-de-France,156,Assurance Habitation,Essentiel,Web,42.6,0,0.0,0.0,0,1,3.0,1,2022-10-24,2023-02-03,0
CLT01473,56,Veuf/Veuve,Retraité,Nouvelle-Aquitaine,24,Multirisque Pro,Confort,Courtier,311.28,2,4627.62,0.0,3,1,4.0,0,2023-12-16,2024-01-12,0
CLT01474,65,Célibataire,Fonctionnaire,Auvergne-Rhône-Alpes,84,Assurance Vie,Confort,Téléphone,88.93,2,1363.03,1.0,2,0,4.0,0,2023-04-14,2023-06-14,0
CLT01475,29,Célibataire,Sans emploi,Nouvelle-Aquitaine,36,Multirisque Pro,Confort,Agence,240.69,0,0.0,2.0,0,0,4.0,0,2023-04-01,2023-04-22,0
CLT01476,46,Marié(e),Salarié,Hauts-de-France,24,Assurance Santé,Essentiel,Téléphone,120.58,0,0.0,1.0,3,0,4.0,0,2022-06-12,2023-06-13,1
CLT01477,49,Veuf/Veuve,Sans emploi,Bretagne,48,Multirisque Pro,Premium,Web,420.12,0,0.0,2.0,2,0,1.0,0,2022-03-06,2022-08-31,0
CLT01478,65,En couple,Fonctionnaire,Hauts-de-France,168,Assurance Habitation,Confort,Courtier,65.26,1,864.48,1.0,2,0,4.0,0,2023-11-06,2024-01-22,0
CLT01479,25,Veuf/Veuve,Sans emploi,Grand Est,108,Assurance Vie,Essentiel,Téléphone,59.49,1,2481.63,3.0,2,0,3.0,0,2023-11-06,2023-12-22,1
CLT01480,23,Marié(e),Sans emploi,Auvergne-Rhône-Alpes,168,Multirisque Pro,Premium,Courtier,470.2,1,2429.77,0.0,3,1,3.0,0,2023-08-18,2024-02-12,1
CLT01481,44,Célibataire,Salarié,PACA,168,Multirisque Pro,Premium,Téléphone,411.24,0,0.0,4.0,0,0,3.0,0,2022-06-12,2023-02-04,0
CLT01482,59,Veuf/Veuve,Fonctionnaire,Hauts-de-France,120,Assurance Auto,Premium,Agence,173.57,1,542.31,,3,0,4.0,1,2022-08-26,2023-04-25,0
CLT01483,49,Célibataire,Salarié,Grand Est,120,Assurance Auto,Essentiel,Téléphone,95.56,0,0.0,3.0,2,1,5.0,0,2023-09-19,2024-01-25,0
CLT01484,71,Marié(e),Sans emploi,Hauts-de-France,24,Assurance Auto,Essentiel,Agence,93.88,1,2682.54,2.0,3,1,4.0,0,2023-10-09,2023-10-24,0
CLT01485,38,Veuf/Veuve,Indépendant,Hauts-de-France,144,Assurance Habitation,Confort,Agence,71.44,0,0.0,2.0,2,0,2.0,0,2023-10-15,2024-01-25,1
CLT01486,31,Marié(e),Indépendant,Hauts-de-France,48,Assurance Habitation,Confort,Téléphone,66.43,1,1085.22,1.0,2,0,4.0,0,2022-07-26,2023-01-07,0
CLT01487,32,Célibataire,Salarié,PACA,144,Assurance Vie,Premium,Web,108.1,0,0.0,,2,0,4.0,0,2022-07-28,2022-08-31,1
CLT01488,23,Célibataire,Fonctionnaire,Grand Est,144,Assurance Habitation,Essentiel,Courtier,44.56,1,2680.13,1.0,3,0,5.0,0,2022-07-09,2024-06-06,0
CLT01489,62,Veuf/Veuve,Sans emploi,Occitanie,132,Multirisque Pro,Confort,Web,240.8,2,5000.91,4.0,2,0,5.0,0,2022-12-27,2023-12-27,0
CLT01490,25,Veuf/Veuve,Retraité,PACA,156,Multirisque Pro,Premium,Web,347.31,3,28453.32,0.0,0,0,5.0,0,2023-10-03,2024-04-12,0
CLT01491,42,Marié(e),Salarié,Auvergne-Rhône-Alpes,36,Assurance Auto,Premium,Agence,149.82,0,0.0,3.0,3,0,5.0,0,2022-05-01,2023-09-23,0
CLT01492,33,En couple,Fonctionnaire,Île-de-France,12,Assurance Habitation,Essentiel,Courtier,39.98,0,0.0,0.0,1,0,2.0,1,2022-09-15,2023-10-19,1
CLT01493,47,Célibataire,Sans emploi,Nouvelle-Aquitaine,84,Assurance Santé,Essentiel,Web,135.16,1,1906.07,0.0,3,0,5.0,0,2023-08-13,2023-12-14,1
CLT01494,69,Célibataire,Sans emploi,Grand Est,96,Multirisque Pro,Premium,Courtier,416.06,1,2174.05,0.0,0,0,4.0,0,2023-12-16,2024-01-13,0
CLT01495,64,Célibataire,Fonctionnaire,Île-de-France,48,Multirisque Pro,Confort,Courtier,301.11,1,2213.75,1.0,1,3,4.0,0,2023-03-08,2023-07-19,0
CLT01496,70,En couple,Sans emploi,Auvergne-Rhône-Alpes,156,Assurance Habitation,Confort,Agence,66.59,0,0.0,1.0,3,0,4.0,0,2022-12-04,2023-02-05,0
CLT01497,70,Marié(e),Salarié,Île-de-France,72,Assurance Habitation,Confort,Agence,66.98,1,1519.46,3.0,1,0,3.0,0,2023-03-03,2024-01-03,0
CLT01498,28,Marié(e),Salarié,Auvergne-Rhône-Alpes,84,Multirisque Pro,Essentiel,Téléphone,233.0,3,7304.91,1.0,1,2,4.0,0,2022-04-17,2022-05-23,1
CLT01499,32,Veuf/Veuve,Retraité,Bretagne,12,Assurance Vie,Premium,Web,137.68,2,3268.79,2.0,2,0,4.0,0,2022-11-07,2023-06-28,0
CLT01500,36,Veuf/Veuve,Salarié,Occitanie,108,Assurance Auto,Essentiel,Agence,80.56,0,0.0,5.0,1,0,4.0,1,2023-07-20,2024-03-22,0
CLT01501,52,Veuf/Veuve,Retraité,Auvergne-Rhône-Alpes,60,Assurance Auto,Confort,Téléphone,100.26,3,6579.99,2.0,2,1,4.0,0,2023-07-17,2023-09-25,0
CLT01502,43,Marié(e),Indépendant,Bretagne,108,Assurance Auto,Confort,Agence,114.58,3,609.48,3.0,1,0,2.0,0,2022-12-18,2024-03-09,0
CLT01503,73,Célibataire,Indépendant,PACA,24,Assurance Auto,Essentiel,Web,93.17,0,0.0,0.0,0,0,3.0,1,2023-02-27,2024-03-15,0
CLT01504,52,En couple,Salarié,Île-de-France,60,Multirisque Pro,Premium,Agence,453.07,0,0.0,0.0,3,0,5.0,0,2022-03-20,2022-05-17,0
CLT01505,63,Célibataire,Fonctionnaire,Nouvelle-Aquitaine,156,Assurance Habitation,Confort,Web,62.91,0,0.0,1.0,3,0,5.0,0,2022-12-25,2023-09-01,0
CLT01506,54,Célibataire,Salarié,Hauts-de-France,84,Assurance Santé,Essentiel,Téléphone,105.99,0,0.0,5.0,3,0,5.0,0,2022-03-20,2022-12-01,0
CLT01507,55,En couple,Retraité,Bretagne,36,Multirisque Pro,Essentiel,Téléphone,223.44,0,0.0,0.0,1,1,,0,2024-01-01,2024-03-18,0
CLT01508,54,Marié(e),Fonctionnaire,Occitanie,84,Assurance Santé,Premium,Courtier,282.77,0,0.0,0.0,1,0,4.0,0,2023-12-16,2024-05-02,0
CLT01509,28,Veuf/Veuve,Sans emploi,Bretagne,156,Multirisque Pro,Essentiel,Agence,209.77,2,4702.19,2.0,2,0,3.0,0,2023-05-13,2023-10-03,0
CLT01510,38,Marié(e),Sans emploi,Occitanie,24,Assurance Auto,Essentiel,Web,93.93,0,0.0,0.0,1,0,3.0,0,2022-08-04,2022-12-07,0
CLT01511,58,En couple,Retraité,Île-de-France,132,Assurance Santé,Premium,Web,266.3,1,902.25,0.0,3,0,5.0,0,2023-10-28,2024-05-10,0
CLT01512,73,Célibataire,Fonctionnaire,Hauts-de-France,72,Assurance Vie,Essentiel,Agence,70.08,2,5410.14,0.0,1,0,1.0,0,2022-10-12,2024-06-05,0
CLT01513,50,Marié(e),Sans emploi,Île-de-France,60,Assurance Vie,Confort,Agence,84.1,0,0.0,0.0,3,0,1.0,0,2023-01-29,2024-06-19,0
CLT01514,49,Célibataire,Indépendant,Hauts-de-France,48,Assurance Auto,Confort,Téléphone,114.34,1,539.65,0.0,0,2,4.0,0,2022-07-30,2023-08-22,1
CLT01515,23,Marié(e),Salarié,Île-de-France,144,Assurance Habitation,Premium,Téléphone,80.99,0,0.0,3.0,3,0,4.0,0,2023-07-09,2024-01-03,0
CLT01516,70,En couple,Salarié,Nouvelle-Aquitaine,12,Assurance Auto,Premium,Courtier,170.98,3,7584.89,,0,3,1.0,1,2022-12-16,2024-03-04,1
CLT01517,28,Veuf/Veuve,Fonctionnaire,PACA,36,Assurance Vie,Premium,Agence,132.55,2,1100.08,0.0,2,0,2.0,0,2023-07-02,2024-02-24,0
CLT01518,42,Veuf/Veuve,Retraité,Auvergne-Rhône-Alpes,84,Assurance Vie,Premium,Courtier,114.0,2,804.72,3.0,1,1,4.0,0,2022-09-01,2023-01-14,0
CLT01519,31,En couple,Sans emploi,PACA,96,Assurance Auto,Confort,Courtier,105.15,0,0.0,1.0,1,0,3.0,0,2022-10-30,2023-10-10,0
CLT01520,36,Marié(e),Fonctionnaire,Nouvelle-Aquitaine,156,Multirisque Pro,Confort,Agence,301.03,2,2652.04,0.0,0,0,5.0,0,2023-11-07,2024-01-10,0
CLT01521,72,Marié(e),Fonctionnaire,Nouvelle-Aquitaine,144,Multirisque Pro,Essentiel,Agence,205.51,1,2400.8,2.0,3,0,4.0,0,2022-07-03,2023-09-30,0
CLT01522,47,Veuf/Veuve,Salarié,Île-de-France,156,Assurance Vie,Essentiel,Téléphone,68.64,0,0.0,4.0,1,0,5.0,0,2023-01-03,2024-05-08,0
CLT01523,39,Célibataire,Fonctionnaire,Île-de-France,108,Multirisque Pro,Essentiel,Téléphone,187.84,2,3864.14,2.0,3,0,4.0,0,2023-09-17,2024-06-25,0
CLT01524,23,Marié(e),Fonctionnaire,Auvergne-Rhône-Alpes,36,Assurance Santé,Essentiel,Téléphone,131.82,1,754.7,0.0,0,1,4.0,0,2022-09-23,2024-02-11,0
CLT01525,42,Célibataire,Indépendant,Auvergne-Rhône-Alpes,60,Assurance Habitation,Essentiel,Web,45.29,0,0.0,0.0,0,0,4.0,0,2022-04-28,2024-02-27,0
CLT01526,52,Célibataire,Sans emploi,Bretagne,60,Assurance Auto,Essentiel,Téléphone,69.73,1,267.31,1.0,0,3,2.0,0,2022-08-22,2022-10-23,1
CLT01527,64,Célibataire,Sans emploi,Bretagne,108,Assurance Santé,Confort,Agence,159.61,2,4773.58,0.0,1,0,2.0,0,2022-08-29,2023-08-22,0
CLT01528,53,Célibataire,Indépendant,PACA,84,Assurance Auto,Essentiel,Téléphone,79.97,0,0.0,3.0,2,0,4.0,0,2022-07-28,2023-06-26,0
CLT01529,29,Veuf/Veuve,Fonctionnaire,PACA,12,Multirisque Pro,Confort,Téléphone,327.88,1,1139.38,0.0,3,0,3.0,1,2022-05-27,2022-06-21,1
CLT01530,33,Veuf/Veuve,Fonctionnaire,Bretagne,12,Assurance Santé,Premium,Courtier,222.71,1,2119.62,1.0,1,0,3.0,0,2023-04-27,2023-09-24,0
CLT01531,62,Célibataire,Fonctionnaire,Bretagne,36,Multirisque Pro,Essentiel,Web,183.67,1,1130.09,0.0,2,0,2.0,0,2022-06-03,2024-01-29,0
CLT01532,52,Marié(e),Indépendant,Bretagne,24,Assurance Auto,Essentiel,Web,87.35,1,2556.5,0.0,0,0,2.0,0,2023-01-23,2023-02-25,1
CLT01533,57,En couple,Sans emploi,PACA,60,Assurance Habitation,Confort,Agence,72.56,0,0.0,3.0,1,0,3.0,1,2023-05-31,2024-03-20,0
CLT01534,24,Célibataire,Sans emploi,PACA,132,Multirisque Pro,Premium,Téléphone,423.78,0,0.0,0.0,2,0,4.0,0,2023-04-29,2024-03-31,0
CLT01535,42,Marié(e),Indépendant,Bretagne,156,Multirisque Pro,Premium,Téléphone,467.64,0,0.0,2.0,1,0,2.0,0,2023-08-13,2024-01-10,0
CLT01536,47,En couple,Retraité,Bretagne,168,Assurance Habitation,Confort,Web,68.78,1,694.93,1.0,1,0,4.0,0,2022-11-19,2023-03-17,1
CLT01537,24,Célibataire,Fonctionnaire,Bretagne,144,Assurance Habitation,Confort,Téléphone,55.75,0,0.0,,1,0,3.0,0,2023-07-28,2024-04-11,0
CLT01538,26,Veuf/Veuve,Retraité,Occitanie,132,Assurance Auto,Confort,Téléphone,101.44,0,0.0,1.0,1,0,3.0,0,2022-08-24,2024-03-29,1
CLT01539,36,En couple,Sans emploi,Grand Est,48,Assurance Habitation,Premium,Web,78.95,0,0.0,3.0,1,0,4.0,0,2022-09-24,2023-07-14,0
CLT01540,28,Veuf/Veuve,Retraité,PACA,72,Assurance Santé,Confort,Agence,192.62,0,0.0,2.0,0,1,2.0,0,2023-06-02,2023-08-16,0
CLT01541,40,Veuf/Veuve,Salarié,Auvergne-Rhône-Alpes,48,Multirisque Pro,Confort,Web,291.88,2,2079.51,0.0,2,0,5.0,0,2022-06-20,2022-10-21,0
CLT01542,23,En couple,Salarié,PACA,60,Assurance Vie,Confort,Téléphone,71.41,2,2249.19,0.0,3,0,3.0,0,2023-03-18,2023-03-30,0
CLT01543,68,Veuf/Veuve,Fonctionnaire,Grand Est,36,Assurance Habitation,Essentiel,Web,41.63,0,0.0,1.0,0,0,4.0,0,2022-05-11,2023-06-26,1
CLT01544,45,Marié(e),Fonctionnaire,PACA,12,Multirisque Pro,Essentiel,Courtier,199.41,3,6434.7,2.0,3,3,4.0,0,2023-08-29,2023-10-23,1
CLT01545,34,Veuf/Veuve,Retraité,Hauts-de-France,24,Assurance Auto,Essentiel,Courtier,76.13,0,0.0,2.0,1,0,1.0,0,2023-03-23,2023-08-18,1
CLT01546,42,Célibataire,Indépendant,Auvergne-Rhône-Alpes,144,Assurance Vie,Premium,Web,122.41,0,0.0,0.0,1,0,3.0,0,2022-01-08,2023-09-07,1
CLT01547,59,Marié(e),Retraité,Grand Est,24,Multirisque Pro,Confort,Téléphone,251.83,0,0.0,1.0,2,0,4.0,0,2022-06-30,2023-12-02,0
CLT01548,38,Marié(e),Retraité,Occitanie,60,Multirisque Pro,Confort,Agence,286.4,1,1659.09,0.0,0,1,4.0,0,2022-12-16,2023-02-03,0
CLT01549,37,Marié(e),Retraité,Nouvelle-Aquitaine,72,Multirisque Pro,Premium,Téléphone,436.15,1,1178.39,,1,0,3.0,0,2022-11-23,2023-05-24,0
CLT01550,64,Marié(e),Sans emploi,Grand Est,60,Assurance Habitation,Essentiel,Web,53.57,0,0.0,3.0,2,0,,0,2023-09-23,2024-03-01,0
CLT01551,30,Célibataire,Fonctionnaire,Auvergne-Rhône-Alpes,36,Assurance Auto,Confort,Courtier,127.83,1,2064.19,2.0,3,1,2.0,0,2022-10-08,2024-02-18,0
CLT01552,72,Marié(e),Sans emploi,Nouvelle-Aquitaine,12,Assurance Vie,Essentiel,Web,57.52,2,1354.43,0.0,2,2,5.0,0,2022-04-19,2022-12-12,0
CLT01553,47,En couple,Salarié,Occitanie,156,Assurance Santé,Essentiel,Agence,123.87,2,623.1,5.0,3,1,3.0,0,2023-09-05,2023-09-25,0
CLT01554,28,Veuf/Veuve,Salarié,Île-de-France,48,Multirisque Pro,Premium,Web,404.25,3,3087.7,1.0,2,0,2.0,0,2023-01-14,2023-08-10,0
CLT01555,64,En couple,Retraité,Hauts-de-France,36,Assurance Santé,Premium,Téléphone,258.17,1,854.13,1.0,3,2,4.0,0,2022-10-30,2023-02-19,0
CLT01556,47,Marié(e),Salarié,Hauts-de-France,168,Assurance Auto,Confort,Téléphone,120.39,0,0.0,3.0,0,0,4.0,1,2022-05-21,2023-03-02,1
CLT01557,62,Célibataire,Fonctionnaire,Occitanie,144,Assurance Auto,Confort,Agence,130.26,0,0.0,0.0,2,0,3.0,0,2022-06-10,2023-11-11,0
CLT01558,70,Marié(e),Salarié,PACA,84,Assurance Santé,Confort,Téléphone,173.27,0,0.0,1.0,2,0,4.0,0,2023-03-20,2023-05-10,0
CLT01559,42,Célibataire,Indépendant,Île-de-France,108,Multirisque Pro,Confort,Web,296.23,0,0.0,0.0,0,2,5.0,0,2022-05-21,2024-01-11,0
CLT01560,66,Veuf/Veuve,Indépendant,Nouvelle-Aquitaine,84,Assurance Vie,Essentiel,Web,67.93,2,5167.22,,2,0,2.0,0,2023-05-12,2023-08-15,1
CLT01561,31,Célibataire,Sans emploi,Occitanie,108,Assurance Vie,Confort,Web,83.91,2,2805.57,,3,2,5.0,0,2022-08-08,2022-08-11,0
CLT01562,23,En couple,Salarié,Occitanie,96,Assurance Vie,Essentiel,Téléphone,52.72,0,0.0,2.0,2,1,,0,2023-03-05,2024-02-20,0
CLT01563,28,Marié(e),Retraité,Occitanie,132,Assurance Santé,Premium,Téléphone,234.12,0,0.0,0.0,3,0,4.0,0,2023-06-28,2024-05-29,0
CLT01564,35,Veuf/Veuve,Retraité,Nouvelle-Aquitaine,132,Assurance Habitation,Confort,Web,65.42,1,892.45,0.0,3,0,4.0,0,2023-10-08,2024-04-25,0
CLT01565,45,Célibataire,Indépendant,Nouvelle-Aquitaine,132,Multirisque Pro,Confort,Téléphone,244.83,2,4755.75,0.0,2,0,1.0,0,2022-04-26,2024-06-07,1
CLT01566,53,En couple,Retraité,Bretagne,36,Assurance Santé,Confort,Téléphone,156.04,0,0.0,1.0,1,0,4.0,0,2022-04-29,2022-10-26,1
CLT01567,37,Veuf/Veuve,Indépendant,Bretagne,24,Assurance Vie,Confort,Agence,85.39,1,608.43,0.0,1,0,5.0,0,2023-05-11,2024-06-26,0
CLT01568,39,Célibataire,Fonctionnaire,Occitanie,168,Assurance Vie,Premium,Téléphone,132.41,0,0.0,1.0,2,1,1.0,0,2022-10-02,2024-03-04,1
CLT01569,67,Marié(e),Fonctionnaire,Bretagne,60,Assurance Habitation,Confort,Agence,67.4,1,2963.33,3.0,3,0,5.0,0,2023-02-26,2023-09-14,0
CLT01570,71,Célibataire,Fonctionnaire,Nouvelle-Aquitaine,60,Assurance Vie,Confort,Téléphone,93.17,0,0.0,3.0,2,0,5.0,1,2023-05-13,2024-05-19,0
CLT01571,47,Veuf/Veuve,Retraité,Nouvelle-Aquitaine,168,Assurance Habitation,Confort,Agence,57.75,4,9846.13,2.0,3,0,1.0,0,2022-08-15,2024-03-23,1
CLT01572,57,Marié(e),Indépendant,PACA,24,Assurance Habitation,Premium,Web,90.88,0,0.0,0.0,3,0,5.0,0,2023-09-12,2024-06-14,0
CLT01573,40,Célibataire,Fonctionnaire,Grand Est,108,Assurance Auto,Premium,Agence,180.25,1,2598.44,0.0,0,1,3.0,0,2022-12-28,2023-03-02,0
CLT01574,53,En couple,Indépendant,Bretagne,168,Assurance Auto,Premium,Web,188.54,0,0.0,0.0,1,1,5.0,1,2023-07-03,2024-01-21,0
CLT01575,41,Marié(e),Retraité,Bretagne,60,Assurance Habitation,Confort,Web,54.34,3,5523.41,0.0,2,0,3.0,1,2022-08-09,2024-02-26,0
CLT01576,51,Célibataire,Sans emploi,Île-de-France,108,Assurance Habitation,Essentiel,Agence,49.84,1,2464.7,1.0,3,0,4.0,0,2023-02-12,2024-03-23,0
CLT01577,34,Marié(e),Salarié,Nouvelle-Aquitaine,48,Assurance Vie,Essentiel,Web,67.24,0,0.0,0.0,0,0,5.0,0,2022-08-24,2024-05-31,0
CLT01578,64,Veuf/Veuve,Retraité,PACA,24,Assurance Habitation,Essentiel,Courtier,40.17,0,0.0,1.0,2,1,4.0,0,2022-05-15,2024-06-11,0
CLT01579,37,Veuf/Veuve,Salarié,PACA,60,Assurance Santé,Essentiel,Agence,128.39,1,1938.45,4.0,1,0,4.0,0,2022-01-16,2024-02-15,0
CLT01580,47,Veuf/Veuve,Indépendant,PACA,60,Multirisque Pro,Premium,Web,365.65,0,0.0,0.0,1,0,4.0,1,2023-09-13,2024-02-19,0
CLT01581,33,Marié(e),Retraité,Nouvelle-Aquitaine,84,Assurance Santé,Confort,Agence,193.29,2,2379.87,2.0,2,0,4.0,0,2022-07-27,2022-11-06,0
CLT01582,57,Marié(e),Retraité,Grand Est,168,Assurance Santé,Premium,Téléphone,242.54,0,0.0,5.0,1,0,4.0,1,2022-04-06,2022-11-19,0
CLT01583,42,Marié(e),Sans emploi,Hauts-de-France,12,Assurance Vie,Premium,Courtier,121.88,4,4970.5,0.0,1,0,4.0,0,2023-06-03,2023-10-06,0
CLT01584,29,Marié(e),Sans emploi,Grand Est,24,Assurance Vie,Essentiel,Téléphone,52.29,2,5960.9,2.0,0,2,3.0,0,2024-01-02,2024-01-29,1
CLT01585,40,En couple,Retraité,Grand Est,36,Assurance Vie,Essentiel,Agence,52.04,0,0.0,1.0,2,2,4.0,1,2023-01-14,2024-05-16,1
CLT01586,53,En couple,Salarié,Bretagne,60,Multirisque Pro,Essentiel,Courtier,175.64,1,238.09,1.0,2,2,5.0,0,2022-04-08,2023-11-03,1
CLT01587,58,Célibataire,Indépendant,Occitanie,96,Assurance Habitation,Essentiel,Téléphone,41.19,0,0.0,0.0,1,1,2.0,0,2023-02-17,2023-12-29,0
CLT01588,51,Veuf/Veuve,Fonctionnaire,Île-de-France,48,Assurance Vie,Premium,Web,116.53,0,0.0,2.0,3,0,1.0,0,2023-02-26,2023-08-04,0
CLT01589,22,Veuf/Veuve,Salarié,Bretagne,168,Assurance Santé,Essentiel,Agence,142.27,0,0.0,5.0,2,1,5.0,0,2022-10-02,2023-05-04,0
CLT01590,23,En couple,Fonctionnaire,Bretagne,48,Multirisque Pro,Confort,Téléphone,254.67,0,0.0,1.0,0,0,5.0,0,2023-04-18,2024-04-14,0
CLT01591,65,Veuf/Veuve,Salarié,PACA,72,Assurance Vie,Premium,Agence,121.7,0,0.0,1.0,2,1,4.0,0,2023-01-20,2023-05-30,0
CLT01592,28,En couple,Retraité,Auvergne-Rhône-Alpes,12,Assurance Auto,Essentiel,Agence,69.68,0,0.0,2.0,0,0,4.0,0,2022-04-27,2022-06-05,0
CLT01593,66,En couple,Sans emploi,Hauts-de-France,60,Assurance Vie,Confort,Web,90.62,0,0.0,1.0,2,0,4.0,0,2023-03-05,2023-09-25,0
CLT01594,27,Marié(e),Fonctionnaire,Grand Est,96,Assurance Auto,Confort,Agence,120.84,0,0.0,0.0,0,3,4.0,0,2023-06-20,2023-12-02,0
CLT01595,69,Marié(e),Sans emploi,Auvergne-Rhône-Alpes,84,Multirisque Pro,Confort,Web,302.63,0,0.0,2.0,1,0,5.0,0,2023-12-03,2024-01-24,0
CLT01596,39,Veuf/Veuve,Retraité,Nouvelle-Aquitaine,144,Multirisque Pro,Premium,Courtier,435.17,0,0.0,1.0,0,2,3.0,0,2022-08-04,2023-07-08,0
CLT01597,49,Marié(e),Retraité,Île-de-France,72,Assurance Habitation,Essentiel,Téléphone,40.51,0,0.0,0.0,2,0,3.0,0,2022-07-03,2022-12-03,0
CLT01598,71,En couple,Indépendant,Nouvelle-Aquitaine,60,Assurance Vie,Essentiel,Agence,67.37,0,0.0,5.0,1,0,5.0,1,2023-12-12,2024-01-05,0
CLT01599,61,Célibataire,Sans emploi,PACA,120,Multirisque Pro,Confort,Courtier,323.85,1,39555.54,0.0,2,0,5.0,1,2023-04-25,2024-02-23,1
CLT01600,41,Marié(e),Salarié,Occitanie,108,Assurance Habitation,Essentiel,Courtier,39.65,0,0.0,2.0,3,0,4.0,1,2022-07-17,2023-04-24,0
CLT01601,69,Veuf/Veuve,Fonctionnaire,Bretagne,96,Assurance Santé,Confort,Courtier,143.32,0,0.0,,3,2,4.0,0,2023-07-29,2024-05-01,0
CLT01602,29,En couple,Fonctionnaire,PACA,168,Assurance Habitation,Essentiel,Web,43.18,1,2102.08,0.0,2,0,4.0,0,2022-07-02,2023-03-28,0
CLT01603,61,Marié(e),Sans emploi,Grand Est,60,Multirisque Pro,Essentiel,Web,178.39,2,4763.54,0.0,0,0,3.0,0,2023-08-30,2024-01-18,0
CLT01604,67,En couple,Salarié,Occitanie,132,Multirisque Pro,Premium,Téléphone,374.32,1,249.26,0.0,2,1,4.0,0,2022-08-26,2023-04-04,0
CLT01605,47,En couple,Retraité,Auvergne-Rhône-Alpes,156,Assurance Auto,Premium,Web,182.05,0,0.0,0.0,2,0,2.0,1,2022-01-01,2022-11-28,0
CLT01606,35,Veuf/Veuve,Retraité,Hauts-de-France,132,Assurance Auto,Essentiel,Web,87.17,0,0.0,5.0,1,3,3.0,0,2022-12-01,2023-10-06,0
CLT01607,63,Veuf/Veuve,Retraité,Grand Est,120,Multirisque Pro,Essentiel,Web,181.92,0,0.0,3.0,2,0,4.0,1,2023-12-25,2024-04-24,1
CLT01608,22,En couple,Indépendant,PACA,120,Assurance Santé,Confort,Courtier,194.57,0,0.0,1.0,3,1,4.0,0,2023-10-11,2024-03-01,1
CLT01609,22,Marié(e),Salarié,Hauts-de-France,132,Assurance Habitation,Confort,Téléphone,55.98,1,670.69,0.0,3,1,4.0,1,2023-07-26,2024-03-04,1
CLT01610,28,Veuf/Veuve,Fonctionnaire,Bretagne,144,Assurance Santé,Essentiel,Agence,129.61,0,0.0,0.0,0,0,3.0,1,2023-03-11,2023-06-28,1
CLT01611,33,Marié(e),Indépendant,Grand Est,120,Multirisque Pro,Premium,Web,421.81,0,0.0,0.0,0,0,4.0,0,2022-01-11,2022-07-30,0
CLT01612,24,Marié(e),Fonctionnaire,Île-de-France,72,Assurance Vie,Confort,Web,83.41,0,0.0,1.0,0,3,4.0,0,2022-04-07,2023-04-19,1
CLT01613,32,Célibataire,Fonctionnaire,Nouvelle-Aquitaine,24,Assurance Santé,Premium,Agence,270.62,0,0.0,5.0,3,0,4.0,1,2023-10-20,2024-02-19,0
CLT01614,67,Célibataire,Sans emploi,Nouvelle-Aquitaine,108,Assurance Vie,Essentiel,Courtier,61.93,3,8432.39,4.0,3,0,5.0,0,2022-02-01,2024-02-06,0
CLT01615,26,En couple,Retraité,Hauts-de-France,96,Assurance Vie,Premium,Téléphone,123.98,0,0.0,0.0,1,0,5.0,0,2023-10-26,2024-05-05,0
CLT01616,65,Célibataire,Sans emploi,Bretagne,132,Multirisque Pro,Essentiel,Agence,200.36,0,0.0,1.0,2,0,5.0,0,2024-01-01,2024-02-09,0
CLT01617,61,Célibataire,Salarié,Grand Est,144,Assurance Habitation,Essentiel,Agence,43.0,0,0.0,0.0,0,1,,0,2023-03-31,2024-02-20,0
CLT01618,48,En couple,Sans emploi,Nouvelle-Aquitaine,48,Assurance Auto,Confort,Agence,110.82,4,6484.67,1.0,2,0,3.0,1,2022-01-18,2022-12-24,0
CLT01619,31,Célibataire,Retraité,Bretagne,84,Assurance Santé,Premium,Web,261.09,4,10095.13,1.0,0,1,4.0,1,2023-03-03,2024-05-04,0
CLT01620,54,Marié(e),Salarié,Auvergne-Rhône-Alpes,108,Assurance Auto,Essentiel,Web,84.24,0,0.0,2.0,1,0,5.0,0,2022-06-26,2023-09-23,0
CLT01621,30,En couple,Salarié,Grand Est,156,Assurance Auto,Confort,Web,123.21,0,0.0,0.0,2,0,5.0,0,2022-11-15,2023-08-22,0
CLT01622,44,Veuf/Veuve,Sans emploi,Bretagne,108,Multirisque Pro,Confort,Agence,256.54,1,2382.26,1.0,3,0,4.0,1,2023-12-15,2024-01-06,0
CLT01623,37,Célibataire,Indépendant,PACA,96,Multirisque Pro,Confort,Agence,262.97,0,0.0,,1,0,5.0,1,2022-03-30,2022-10-06,0
CLT01624,71,Célibataire,Indépendant,Auvergne-Rhône-Alpes,36,Assurance Santé,Premium,Agence,222.4,0,0.0,2.0,3,0,3.0,0,2023-10-16,2024-04-24,1
CLT01625,47,En couple,Indépendant,Nouvelle-Aquitaine,72,Assurance Vie,Essentiel,Web,64.23,2,2931.25,1.0,2,0,3.0,0,2022-11-14,2023-01-07,0
CLT01626,52,Marié(e),Indépendant,Auvergne-Rhône-Alpes,120,Assurance Vie,Premium,Courtier,132.96,1,2682.68,1.0,3,0,3.0,0,2023-08-02,2024-01-10,0
CLT01627,66,En couple,Indépendant,Nouvelle-Aquitaine,60,Assurance Vie,Essentiel,Web,55.53,1,388.15,2.0,3,0,4.0,0,2022-10-30,2023-07-22,0
CLT01628,38,Marié(e),Sans emploi,Hauts-de-France,60,Assurance Vie,Confort,Agence,91.49,1,2558.6,0.0,1,0,3.0,0,2023-01-08,2023-12-31,0
CLT01629,37,Veuf/Veuve,Indépendant,Île-de-France,24,Multirisque Pro,Confort,Web,310.63,0,20942.82,2.0,2,0,3.0,0,2023-07-05,2024-04-21,0
CLT01630,54,Marié(e),Indépendant,Bretagne,96,Assurance Habitation,Premium,Téléphone,95.62,0,0.0,4.0,1,0,4.0,0,2022-12-17,2024-05-15,0
CLT01631,25,En couple,Fonctionnaire,PACA,108,Multirisque Pro,Premium,Courtier,471.8,0,0.0,0.0,2,2,2.0,1,2022-08-12,2023-12-03,1
CLT01632,34,Veuf/Veuve,Indépendant,Auvergne-Rhône-Alpes,96,Assurance Santé,Essentiel,Agence,105.9,1,411.34,,1,0,4.0,1,2023-04-24,2024-02-18,0
CLT01633,50,Marié(e),Salarié,Île-de-France,72,Assurance Santé,Confort,Téléphone,147.32,0,0.0,2.0,1,0,3.0,0,2023-10-07,2024-04-07,0
CLT01634,67,Marié(e),Fonctionnaire,Hauts-de-France,48,Assurance Auto,Essentiel,Téléphone,94.4,0,0.0,3.0,2,0,4.0,0,2023-10-26,2024-06-13,0
CLT01635,34,En couple,Retraité,Nouvelle-Aquitaine,144,Assurance Auto,Essentiel,Courtier,88.68,2,5557.77,1.0,1,0,4.0,0,2023-07-14,2023-10-17,0
CLT01636,37,Veuf/Veuve,Retraité,Grand Est,132,Assurance Auto,Confort,Téléphone,100.18,0,0.0,1.0,1,0,5.0,1,2022-09-07,2023-05-23,0
CLT01637,74,Veuf/Veuve,Fonctionnaire,Hauts-de-France,36,Assurance Santé,Premium,Courtier,233.91,0,0.0,0.0,3,0,2.0,0,2022-02-11,2022-10-08,0
CLT01638,38,Marié(e),Sans emploi,Grand Est,60,Multirisque Pro,Essentiel,Téléphone,200.88,0,0.0,0.0,3,0,1.0,0,2023-02-15,2023-12-15,0
CLT01639,27,En couple,Sans emploi,Nouvelle-Aquitaine,96,Assurance Auto,Essentiel,Web,77.31,0,0.0,2.0,3,0,4.0,0,2022-05-23,2022-10-03,0
CLT01640,49,En couple,Fonctionnaire,Nouvelle-Aquitaine,96,Assurance Santé,Essentiel,Agence,118.16,1,1408.62,,2,0,5.0,1,2023-04-15,2023-11-03,0
CLT01641,29,En couple,Indépendant,Auvergne-Rhône-Alpes,168,Assurance Habitation,Confort,Agence,54.48,1,1724.8,0.0,1,0,2.0,0,2022-11-05,2023-09-15,0
CLT01642,51,Veuf/Veuve,Salarié,Occitanie,132,Assurance Auto,Essentiel,Web,83.29,2,1352.57,0.0,3,1,4.0,1,2022-09-08,2023-02-12,0
CLT01643,64,En couple,Fonctionnaire,Hauts-de-France,12,Multirisque Pro,Confort,Agence,277.07,1,2022.47,0.0,3,0,5.0,0,2022-04-13,2023-08-08,0
CLT01644,37,Veuf/Veuve,Retraité,Occitanie,156,Multirisque Pro,Premium,Téléphone,468.91,0,0.0,2.0,3,0,3.0,0,2023-04-20,2024-04-15,0
CLT01645,54,Marié(e),Indépendant,Auvergne-Rhône-Alpes,36,Assurance Habitation,Essentiel,Téléphone,40.95,4,6047.73,3.0,0,1,4.0,0,2023-02-14,2024-03-15,0
CLT01646,67,Célibataire,Fonctionnaire,Grand Est,96,Assurance Santé,Confort,Téléphone,191.73,0,0.0,2.0,1,0,4.0,0,2023-05-16,2024-04-22,0
CLT01647,31,En couple,Fonctionnaire,Auvergne-Rhône-Alpes,132,Multirisque Pro,Essentiel,Web,234.15,0,0.0,1.0,2,0,5.0,0,2023-01-06,2023-12-20,0
CLT01648,45,En couple,Indépendant,PACA,84,Multirisque Pro,Essentiel,Téléphone,230.82,0,0.0,1.0,2,0,4.0,0,2023-05-27,2023-08-31,0
CLT01649,46,Célibataire,Fonctionnaire,Grand Est,84,Assurance Auto,Essentiel,Courtier,81.12,1,2344.68,1.0,3,0,5.0,1,2023-01-29,2023-08-01,0
CLT01650,71,Veuf/Veuve,Retraité,Nouvelle-Aquitaine,48,Assurance Vie,Essentiel,Courtier,53.94,1,861.71,1.0,0,0,2.0,0,2022-02-05,2022-10-30,1
CLT01651,45,Célibataire,Retraité,Grand Est,120,Assurance Vie,Essentiel,Web,66.82,1,1564.92,0.0,2,0,5.0,0,2022-03-26,2023-03-15,1
CLT01652,31,En couple,Fonctionnaire,Île-de-France,168,Assurance Auto,Premium,Téléphone,151.59,0,0.0,3.0,0,0,4.0,0,2022-05-12,2023-12-21,0
CLT01653,69,Veuf/Veuve,Retraité,Île-de-France,168,Multirisque Pro,Confort,Téléphone,262.0,0,0.0,2.0,1,0,4.0,0,2023-03-09,2024-04-06,0
CLT01654,27,Célibataire,Sans emploi,Nouvelle-Aquitaine,72,Assurance Auto,Confort,Téléphone,120.89,0,0.0,0.0,2,0,3.0,0,2023-04-07,2023-12-20,1
CLT01655,48,Célibataire,Indépendant,Bretagne,84,Assurance Santé,Confort,Courtier,166.34,0,0.0,2.0,1,0,5.0,0,2023-03-11,2023-12-08,0
CLT01656,27,Célibataire,Fonctionnaire,Auvergne-Rhône-Alpes,132,Assurance Vie,Premium,Agence,134.15,1,2729.35,0.0,1,0,5.0,1,2023-12-26,2024-05-25,1
CLT01657,30,Célibataire,Retraité,Grand Est,168,Assurance Santé,Essentiel,Téléphone,109.41,0,0.0,0.0,1,0,4.0,0,2022-10-16,2022-11-25,0
CLT01658,56,Célibataire,Sans emploi,Bretagne,84,Assurance Auto,Confort,Téléphone,128.83,0,0.0,0.0,3,3,5.0,0,2023-12-04,2024-03-07,0
CLT01659,42,Célibataire,Sans emploi,Nouvelle-Aquitaine,132,Assurance Santé,Confort,Courtier,158.64,2,4379.74,5.0,0,0,5.0,0,2022-10-01,2023-04-02,0
CLT01660,33,Veuf/Veuve,Fonctionnaire,Île-de-France,72,Assurance Santé,Confort,Téléphone,146.31,0,0.0,0.0,0,2,5.0,0,2022-11-01,2022-12-07,0
CLT01661,68,Veuf/Veuve,Indépendant,Île-de-France,168,Multirisque Pro,Essentiel,Courtier,187.32,1,921.22,0.0,2,1,3.0,0,2022-06-29,2022-09-23,1
CLT01662,56,Veuf/Veuve,Retraité,Auvergne-Rhône-Alpes,156,Multirisque Pro,Essentiel,Web,222.57,0,0.0,3.0,0,0,5.0,0,2022-10-09,2023-09-27,0
CLT01663,28,Célibataire,Salarié,Hauts-de-France,120,Assurance Vie,Premium,Web,132.0,0,0.0,0.0,2,0,4.0,0,2022-12-01,2023-12-17,0
CLT01664,28,Célibataire,Fonctionnaire,Grand Est,144,Assurance Auto,Essentiel,Agence,75.76,0,0.0,0.0,2,0,4.0,0,2023-10-15,2024-03-17,0
CLT01665,51,Marié(e),Salarié,Auvergne-Rhône-Alpes,132,Assurance Vie,Confort,Agence,78.54,0,0.0,0.0,1,0,4.0,0,2023-03-20,2023-05-18,1
CLT01666,25,En couple,Salarié,Nouvelle-Aquitaine,24,Assurance Habitation,Premium,Courtier,90.17,0,0.0,1.0,0,3,4.0,0,2023-01-19,2024-05-17,0
CLT01667,33,Marié(e),Sans emploi,Auvergne-Rhône-Alpes,156,Assurance Habitation,Confort,Courtier,74.15,0,0.0,3.0,1,0,4.0,1,2023-11-19,2023-11-30,1
CLT01668,57,Marié(e),Salarié,Nouvelle-Aquitaine,120,Multirisque Pro,Confort,Web,277.84,2,5657.75,5.0,2,3,4.0,0,2023-02-21,2023-06-07,0
CLT01669,37,Marié(e),Retraité,Nouvelle-Aquitaine,156,Assurance Auto,Confort,Web,116.58,0,0.0,1.0,2,0,5.0,0,2023-09-06,2024-02-15,0
CLT01670,63,Marié(e),Indépendant,Île-de-France,156,Assurance Auto,Essentiel,Web,84.17,0,0.0,0.0,0,1,4.0,1,2022-03-07,2023-11-23,0
CLT01671,60,Marié(e),Sans emploi,Grand Est,60,Assurance Santé,Premium,Téléphone,271.87,0,0.0,2.0,2,0,3.0,0,2023-02-03,2024-06-04,0
CLT01672,50,Marié(e),Fonctionnaire,Bretagne,60,Multirisque Pro,Essentiel,Courtier,237.68,1,1215.45,4.0,1,0,4.0,1,2023-04-01,2023-06-17,0
CLT01673,31,En couple,Retraité,Occitanie,108,Assurance Vie,Premium,Téléphone,114.51,0,0.0,1.0,3,0,5.0,0,2022-09-19,2023-11-05,0
CLT01674,32,Marié(e),Salarié,Hauts-de-France,72,Assurance Auto,Premium,Agence,149.06,1,1943.56,0.0,3,3,4.0,1,2022-08-01,2024-01-25,0
CLT01675,64,Veuf/Veuve,Retraité,Bretagne,132,Assurance Santé,Confort,Courtier,169.21,0,0.0,2.0,0,0,4.0,1,2022-01-31,2022-07-09,0
CLT01676,42,Veuf/Veuve,Retraité,Bretagne,72,Multirisque Pro,Premium,Web,394.95,2,5141.84,0.0,3,0,5.0,0,2022-01-24,2024-03-03,0
CLT01677,46,Veuf/Veuve,Sans emploi,Occitanie,48,Assurance Santé,Premium,Téléphone,223.18,0,35427.73,1.0,0,0,4.0,0,2022-05-15,2023-06-06,0
CLT01678,37,En couple,Indépendant,Grand Est,156,Multirisque Pro,Essentiel,Agence,207.98,0,0.0,1.0,1,1,3.0,0,2022-04-24,2023-11-29,0
CLT01679,45,Veuf/Veuve,Fonctionnaire,Grand Est,132,Assurance Santé,Essentiel,Web,126.62,1,2289.22,0.0,2,3,5.0,0,2022-08-11,2023-10-13,0
CLT01680,33,Célibataire,Fonctionnaire,Bretagne,108,Multirisque Pro,Confort,Courtier,265.14,0,0.0,1.0,0,0,4.0,0,2023-05-30,2024-02-28,0
CLT01681,24,Veuf/Veuve,Retraité,Grand Est,108,Multirisque Pro,Confort,Web,280.32,0,0.0,0.0,1,0,4.0,0,2022-10-21,2024-01-24,0
CLT01682,68,Célibataire,Sans emploi,Nouvelle-Aquitaine,84,Assurance Habitation,Essentiel,Téléphone,40.88,4,7836.47,1.0,1,0,4.0,1,2022-12-09,2024-03-28,1
CLT01683,27,Veuf/Veuve,Retraité,Grand Est,72,Assurance Habitation,Premium,Agence,95.33,3,3946.37,0.0,3,0,4.0,0,2023-02-25,2023-06-01,0
CLT01684,24,Célibataire,Sans emploi,Auvergne-Rhône-Alpes,168,Assurance Auto,Premium,Web,150.82,1,800.04,2.0,3,0,3.0,0,2023-08-08,2024-03-04,0
CLT01685,36,Veuf/Veuve,Salarié,Auvergne-Rhône-Alpes,108,Assurance Auto,Confort,Web,110.78,0,0.0,3.0,3,2,3.0,0,2023-01-15,2023-02-07,1
CLT01686,37,En couple,Retraité,Occitanie,108,Multirisque Pro,Premium,Téléphone,471.85,1,848.02,0.0,3,0,4.0,0,2023-01-13,2023-09-15,0
CLT01687,61,En couple,Fonctionnaire,Bretagne,120,Assurance Habitation,Confort,Web,65.74,0,0.0,0.0,1,0,5.0,0,2022-03-08,2022-04-08,0
CLT01688,54,En couple,Sans emploi,Hauts-de-France,24,Assurance Habitation,Premium,Téléphone,103.11,0,0.0,4.0,0,1,4.0,0,2023-03-31,2023-08-01,0
CLT01689,60,En couple,Indépendant,Bretagne,84,Assurance Habitation,Confort,Agence,65.83,2,2121.29,1.0,2,0,3.0,0,2023-04-19,2024-04-22,1
CLT01690,69,Veuf/Veuve,Retraité,Grand Est,24,Assurance Auto,Essentiel,Agence,90.15,1,1447.12,0.0,3,0,4.0,0,2022-03-14,2024-05-23,0
CLT01691,69,Veuf/Veuve,Retraité,Île-de-France,168,Assurance Vie,Confort,Agence,89.48,4,7469.63,2.0,0,0,4.0,0,2022-03-03,2022-12-27,0
CLT01692,37,Veuf/Veuve,Sans emploi,Bretagne,108,Assurance Vie,Premium,Agence,121.75,1,1825.2,1.0,0,0,4.0,0,2023-10-07,2024-05-19,0
CLT01693,31,Marié(e),Sans emploi,Auvergne-Rhône-Alpes,48,Assurance Vie,Essentiel,Agence,58.54,1,866.19,5.0,1,2,3.0,0,2022-04-25,2024-05-03,1
CLT01694,52,En couple,Indépendant,Bretagne,120,Assurance Habitation,Confort,Téléphone,73.83,1,2352.07,0.0,3,1,3.0,0,2023-05-10,2023-08-25,0
CLT01695,71,Veuf/Veuve,Retraité,PACA,12,Assurance Santé,Essentiel,Courtier,133.11,2,706.54,2.0,1,0,4.0,0,2022-09-08,2023-06-01,0
CLT01696,27,Veuf/Veuve,Fonctionnaire,Bretagne,144,Assurance Santé,Confort,Téléphone,165.58,1,1568.64,0.0,1,1,4.0,0,2023-08-05,2023-12-23,0
CLT01697,30,Marié(e),Salarié,Auvergne-Rhône-Alpes,144,Multirisque Pro,Essentiel,Web,175.41,0,0.0,1.0,0,0,4.0,0,2022-08-15,2023-08-29,0
CLT01698,66,En couple,Sans emploi,Nouvelle-Aquitaine,96,Multirisque Pro,Confort,Courtier,256.99,0,0.0,1.0,0,3,5.0,0,2023-10-12,2024-03-16,0
CLT01699,67,En couple,Indépendant,Nouvelle-Aquitaine,168,Assurance Vie,Premium,Téléphone,129.84,2,4688.77,0.0,1,1,5.0,0,2022-05-31,2024-02-12,0
CLT01700,68,Célibataire,Indépendant,Occitanie,108,Assurance Santé,Confort,Courtier,144.84,1,1678.49,0.0,2,0,4.0,0,2023-08-21,2024-01-23,0
CLT01701,24,Marié(e),Sans emploi,Nouvelle-Aquitaine,60,Assurance Habitation,Premium,Agence,103.21,0,0.0,0.0,3,0,4.0,1,2023-06-14,2024-01-07,0
CLT01702,28,En couple,Sans emploi,Bretagne,144,Assurance Vie,Premium,Web,135.13,0,0.0,0.0,3,0,5.0,0,2023-05-29,2023-11-05,0
CLT01703,43,En couple,Sans emploi,Hauts-de-France,120,Multirisque Pro,Confort,Téléphone,278.75,0,0.0,0.0,3,0,4.0,1,2023-05-09,2023-08-06,0
CLT01704,23,Marié(e),Indépendant,PACA,96,Assurance Vie,Confort,Agence,76.36,0,0.0,2.0,2,0,2.0,0,2022-11-13,2023-06-12,0
CLT01705,25,En couple,Fonctionnaire,PACA,156,Assurance Habitation,Essentiel,Courtier,52.74,2,3352.46,0.0,0,2,3.0,0,2023-05-26,2024-01-16,1
CLT01706,24,En couple,Fonctionnaire,Occitanie,108,Multirisque Pro,Premium,Agence,473.61,1,2256.33,0.0,3,0,5.0,0,2023-11-12,2023-11-20,0
CLT01707,29,Célibataire,Fonctionnaire,Bretagne,36,Assurance Vie,Premium,Agence,129.73,1,2303.66,4.0,1,0,4.0,1,2023-07-21,2024-04-19,0
CLT01708,54,En couple,Indépendant,Hauts-de-France,60,Multirisque Pro,Essentiel,Agence,201.9,0,0.0,0.0,3,0,4.0,0,2022-09-20,2023-03-26,0
CLT01709,23,Célibataire,Sans emploi,Auvergne-Rhône-Alpes,36,Assurance Habitation,Essentiel,Téléphone,42.83,0,0.0,2.0,3,0,4.0,0,2022-09-30,2024-04-17,0
CLT01710,37,En couple,Sans emploi,PACA,156,Assurance Santé,Essentiel,Web,103.86,0,0.0,2.0,1,0,4.0,0,2022-11-07,2023-01-08,0
CLT01711,71,Veuf/Veuve,Salarié,Hauts-de-France,72,Assurance Habitation,Essentiel,Web,43.81,2,2129.65,,0,0,4.0,0,2023-07-04,2023-07-30,0
CLT01712,31,Veuf/Veuve,Salarié,Occitanie,24,Assurance Santé,Premium,Agence,245.18,2,3061.7,2.0,1,2,5.0,0,2023-03-29,2023-05-10,0
CLT01713,58,Veuf/Veuve,Fonctionnaire,Occitanie,36,Assurance Vie,Essentiel,Agence,65.24,0,0.0,0.0,3,0,4.0,0,2023-08-06,2023-08-10,0
CLT01714,49,En couple,Sans emploi,Hauts-de-France,48,Multirisque Pro,Confort,Agence,325.94,0,0.0,0.0,2,0,4.0,0,2023-10-13,2024-06-02,0
CLT01715,46,Veuf/Veuve,Indépendant,Nouvelle-Aquitaine,36,Assurance Auto,Confort,Téléphone,96.66,1,2543.88,0.0,1,0,3.0,1,2022-12-03,2024-05-05,1
CLT01716,51,Marié(e),Sans emploi,Nouvelle-Aquitaine,96,Assurance Vie,Premium,Courtier,114.65,0,0.0,1.0,1,1,4.0,0,2022-09-12,2023-08-27,0
CLT01717,38,Célibataire,Indépendant,Hauts-de-France,120,Assurance Santé,Premium,Courtier,242.83,3,3891.91,1.0,1,2,5.0,0,2023-05-15,2023-05-18,1
CLT01718,46,En couple,Indépendant,Hauts-de-France,168,Assurance Santé,Premium,Téléphone,280.84,0,0.0,2.0,2,0,4.0,1,2022-03-09,2024-04-25,0
CLT01719,34,Veuf/Veuve,Fonctionnaire,PACA,132,Assurance Vie,Premium,Courtier,108.74,0,0.0,1.0,1,0,3.0,0,2023-10-16,2024-01-17,1
CLT01720,32,Marié(e),Sans emploi,Occitanie,132,Assurance Habitation,Essentiel,Web,47.78,0,0.0,1.0,3,0,4.0,0,2022-11-09,2023-10-02,0
CLT01721,69,En couple,Sans emploi,Nouvelle-Aquitaine,72,Multirisque Pro,Confort,Agence,329.96,0,0.0,4.0,1,0,4.0,0,2023-11-20,2023-12-29,0
CLT01722,42,En couple,Indépendant,Grand Est,144,Assurance Santé,Essentiel,Web,137.9,0,0.0,3.0,0,0,4.0,1,2023-09-17,2023-12-06,0
CLT01723,51,Marié(e),Indépendant,Grand Est,168,Assurance Santé,Premium,Téléphone,223.54,2,3411.3,3.0,2,1,4.0,0,2022-09-27,2024-01-23,0
CLT01724,47,Marié(e),Fonctionnaire,Nouvelle-Aquitaine,120,Assurance Santé,Confort,Web,188.92,3,3759.79,1.0,2,0,4.0,0,2022-11-19,2024-02-22,0
CLT01725,52,Célibataire,Retraité,Grand Est,168,Assurance Santé,Confort,Téléphone,153.37,0,0.0,2.0,2,1,4.0,0,2022-02-26,2023-04-20,1
CLT01726,36,Marié(e),Salarié,Hauts-de-France,96,Assurance Santé,Premium,Web,211.25,0,0.0,1.0,3,2,4.0,1,2023-12-23,2024-02-12,0
CLT01727,57,Marié(e),Salarié,Nouvelle-Aquitaine,132,Assurance Habitation,Premium,Courtier,80.19,0,0.0,0.0,1,0,5.0,0,2022-11-26,2024-02-06,0
CLT01728,35,Veuf/Veuve,Fonctionnaire,Occitanie,132,Assurance Vie,Confort,Web,90.71,1,1471.03,0.0,1,0,2.0,1,2022-04-20,2022-07-05,0
CLT01729,30,Veuf/Veuve,Salarié,Hauts-de-France,36,Assurance Habitation,Essentiel,Courtier,52.69,1,292.95,5.0,1,0,2.0,0,2023-11-07,2024-02-14,1
CLT01730,53,Célibataire,Salarié,Grand Est,144,Assurance Vie,Essentiel,Courtier,57.82,1,1155.0,0.0,2,0,5.0,0,2022-02-27,2023-12-13,0
CLT01731,53,Marié(e),Salarié,Hauts-de-France,156,Assurance Santé,Confort,Courtier,155.18,0,0.0,3.0,2,0,3.0,0,2023-04-29,2023-07-06,0
CLT01732,27,En couple,Sans emploi,Auvergne-Rhône-Alpes,168,Assurance Auto,Confort,Téléphone,122.63,0,0.0,1.0,3,2,5.0,0,2022-11-03,2024-06-12,1
CLT01733,39,En couple,Fonctionnaire,Hauts-de-France,156,Assurance Habitation,Premium,Agence,95.66,1,1243.87,1.0,1,2,4.0,0,2023-08-10,2024-05-15,1
CLT01734,46,En couple,Salarié,Île-de-France,24,Assurance Santé,Premium,Courtier,258.61,2,1139.64,2.0,3,0,3.0,0,2023-12-18,2024-06-17,1
CLT01735,66,En couple,Fonctionnaire,Occitanie,48,Assurance Santé,Confort,Téléphone,160.39,0,0.0,0.0,0,0,5.0,0,2023-04-25,2023-08-19,0
CLT01736,68,Marié(e),Fonctionnaire,Occitanie,132,Assurance Vie,Confort,Courtier,73.38,0,0.0,1.0,3,0,,0,2023-09-11,2023-09-22,0
CLT01737,31,Veuf/Veuve,Retraité,Grand Est,12,Assurance Habitation,Essentiel,Téléphone,40.61,0,0.0,0.0,1,0,4.0,0,2022-02-19,2024-06-19,1
CLT01738,58,Veuf/Veuve,Salarié,Île-de-France,108,Multirisque Pro,Essentiel,Courtier,202.09,0,0.0,1.0,1,0,4.0,0,2023-06-01,2023-11-15,1
CLT01739,25,Célibataire,Salarié,Bretagne,72,Multirisque Pro,Confort,Courtier,333.44,0,0.0,0.0,3,0,3.0,0,2023-08-02,2023-09-18,0
CLT01740,48,Veuf/Veuve,Sans emploi,PACA,72,Multirisque Pro,Essentiel,Web,202.15,2,1340.12,0.0,0,2,4.0,0,2023-10-28,2023-12-15,0
CLT01741,22,Veuf/Veuve,Retraité,Nouvelle-Aquitaine,132,Assurance Auto,Premium,Téléphone,151.99,0,0.0,1.0,1,0,3.0,1,2022-06-05,2024-04-01,1
CLT01742,67,Veuf/Veuve,Sans emploi,Bretagne,96,Assurance Santé,Essentiel,Web,137.89,1,975.24,0.0,1,0,2.0,0,2023-12-11,2024-06-17,1
CLT01743,63,Célibataire,Sans emploi,Nouvelle-Aquitaine,120,Assurance Vie,Essentiel,Téléphone,58.76,1,1572.36,0.0,0,0,5.0,0,2023-02-04,2023-02-23,0
CLT01744,25,En couple,Fonctionnaire,Grand Est,84,Assurance Auto,Essentiel,Courtier,89.16,1,493.32,2.0,2,0,1.0,0,2022-08-17,2024-04-06,0
CLT01745,27,Marié(e),Sans emploi,Occitanie,96,Assurance Santé,Premium,Téléphone,207.17,0,0.0,1.0,0,1,1.0,0,2022-06-06,2022-12-16,0
CLT01746,46,Célibataire,Salarié,Auvergne-Rhône-Alpes,132,Assurance Habitation,Essentiel,Courtier,39.0,0,0.0,1.0,1,0,1.0,0,2023-07-01,2024-05-04,1
CLT01747,41,Marié(e),Fonctionnaire,PACA,108,Assurance Auto,Essentiel,Courtier,75.06,2,2841.88,0.0,0,0,2.0,0,2022-08-24,2024-06-27,1
CLT01748,59,Veuf/Veuve,Fonctionnaire,Auvergne-Rhône-Alpes,72,Assurance Habitation,Essentiel,Courtier,52.99,3,1023.5,0.0,3,0,3.0,0,2022-08-27,2023-04-06,0
CLT01749,61,Célibataire,Retraité,Hauts-de-France,24,Assurance Santé,Essentiel,Web,105.39,4,11086.23,2.0,1,0,4.0,0,2022-01-27,2023-04-26,1
CLT01750,44,Veuf/Veuve,Retraité,Hauts-de-France,12,Assurance Habitation,Confort,Agence,64.3,0,0.0,2.0,1,0,4.0,0,2022-07-23,2023-02-18,0
CLT01751,63,En couple,Sans emploi,PACA,60,Assurance Vie,Premium,Agence,114.31,0,0.0,0.0,1,0,3.0,1,2023-08-16,2024-05-06,0
CLT01752,70,Veuf/Veuve,Sans emploi,PACA,156,Assurance Auto,Essentiel,Web,82.71,0,0.0,5.0,1,0,4.0,0,2023-01-02,2023-11-22,1
CLT01753,42,Marié(e),Retraité,PACA,24,Assurance Vie,Essentiel,Web,68.28,3,1496.13,,0,1,4.0,1,2022-09-19,2024-02-21,1
CLT01754,25,Veuf/Veuve,Retraité,Île-de-France,24,Assurance Auto,Confort,Agence,96.35,4,3287.13,1.0,2,0,5.0,1,2023-02-14,2024-06-20,0
CLT01755,46,Célibataire,Retraité,Nouvelle-Aquitaine,120,Assurance Auto,Confort,Courtier,106.63,0,0.0,1.0,0,1,5.0,1,2023-10-30,2024-01-14,0
CLT01756,60,Veuf/Veuve,Salarié,Grand Est,24,Assurance Habitation,Premium,Agence,98.44,0,0.0,1.0,0,0,4.0,0,2022-10-09,2023-09-05,1
CLT01757,69,Célibataire,Indépendant,Auvergne-Rhône-Alpes,60,Assurance Auto,Essentiel,Web,74.93,3,1167.24,,3,0,5.0,0,2023-06-16,2023-09-03,0
CLT01758,27,Célibataire,Sans emploi,Île-de-France,24,Assurance Habitation,Premium,Téléphone,88.8,0,0.0,3.0,2,1,3.0,0,2022-08-03,2024-06-09,1
CLT01759,40,Veuf/Veuve,Indépendant,Auvergne-Rhône-Alpes,132,Assurance Santé,Confort,Téléphone,157.82,1,2988.42,2.0,0,1,4.0,1,2022-06-28,2023-12-11,0
CLT01760,46,Célibataire,Indépendant,Bretagne,132,Assurance Habitation,Premium,Web,90.19,0,0.0,0.0,0,3,,0,2022-01-31,2023-06-24,0
CLT01761,23,Marié(e),Sans emploi,Bretagne,36,Assurance Habitation,Confort,Téléphone,74.16,0,0.0,1.0,2,0,3.0,1,2022-11-25,2022-12-24,0
CLT01762,65,Célibataire,Indépendant,Hauts-de-France,60,Assurance Auto,Confort,Agence,102.1,0,0.0,0.0,2,0,5.0,0,2023-02-22,2023-03-17,0
CLT01763,26,Célibataire,Salarié,Auvergne-Rhône-Alpes,12,Multirisque Pro,Confort,Web,334.82,0,0.0,0.0,1,0,5.0,1,2022-12-24,2023-08-09,1
CLT01764,52,Veuf/Veuve,Retraité,PACA,168,Assurance Auto,Confort,Agence,122.25,0,0.0,3.0,2,0,4.0,0,2023-03-02,2024-05-13,0
CLT01765,60,Marié(e),Retraité,Île-de-France,144,Multirisque Pro,Confort,Web,293.74,0,0.0,1.0,0,0,5.0,0,2023-04-26,2023-09-04,0
CLT01766,48,Veuf/Veuve,Retraité,PACA,36,Assurance Habitation,Confort,Courtier,57.05,0,0.0,0.0,3,0,4.0,0,2023-08-08,2023-11-16,0
CLT01767,66,En couple,Salarié,Auvergne-Rhône-Alpes,60,Assurance Habitation,Essentiel,Web,42.18,0,0.0,4.0,0,0,4.0,0,2022-04-08,2024-04-11,0
CLT01768,25,En couple,Fonctionnaire,Occitanie,96,Assurance Vie,Confort,Agence,97.53,0,0.0,3.0,1,0,,0,2022-07-09,2024-05-14,0
CLT01769,67,En couple,Fonctionnaire,Nouvelle-Aquitaine,132,Assurance Santé,Confort,Téléphone,170.84,0,0.0,1.0,3,3,4.0,0,2023-03-09,2023-09-16,0
CLT01770,24,Célibataire,Indépendant,Grand Est,120,Assurance Habitation,Premium,Agence,76.88,0,0.0,2.0,1,0,4.0,1,2022-07-06,2022-07-20,0
CLT01771,40,En couple,Retraité,Occitanie,72,Assurance Habitation,Premium,Agence,94.32,0,0.0,1.0,2,0,4.0,0,2022-11-27,2022-12-08,0
CLT01772,46,En couple,Sans emploi,Bretagne,168,Multirisque Pro,Confort,Téléphone,301.45,0,0.0,0.0,1,1,4.0,0,2023-02-20,2023-10-09,0
CLT01773,47,Célibataire,Fonctionnaire,Hauts-de-France,96,Assurance Habitation,Confort,Courtier,65.43,0,0.0,0.0,1,3,5.0,0,2023-11-03,2024-05-17,0
CLT01774,57,Marié(e),Fonctionnaire,Auvergne-Rhône-Alpes,144,Multirisque Pro,Confort,Courtier,293.25,0,0.0,3.0,3,1,1.0,1,2023-05-15,2024-06-13,0
CLT01775,74,Marié(e),Salarié,Bretagne,36,Multirisque Pro,Confort,Agence,250.07,0,0.0,2.0,1,0,4.0,1,2023-01-10,2024-03-21,0
CLT01776,25,En couple,Retraité,PACA,24,Assurance Auto,Premium,Web,166.09,1,357.39,1.0,2,1,4.0,0,2022-04-24,2022-08-25,1
CLT01777,73,Marié(e),Fonctionnaire,Auvergne-Rhône-Alpes,108,Multirisque Pro,Premium,Courtier,364.71,1,937.86,0.0,1,3,3.0,0,2023-04-09,2023-11-18,0
CLT01778,53,En couple,Indépendant,Grand Est,96,Multirisque Pro,Essentiel,Web,192.82,1,566.96,2.0,1,0,5.0,0,2023-11-28,2024-01-23,0
CLT01779,46,Célibataire,Sans emploi,Auvergne-Rhône-Alpes,96,Assurance Auto,Essentiel,Courtier,69.28,3,1807.8,3.0,3,1,5.0,1,2023-01-07,2023-08-30,0
CLT01780,59,Célibataire,Indépendant,Auvergne-Rhône-Alpes,84,Multirisque Pro,Essentiel,Courtier,227.87,0,0.0,0.0,1,0,5.0,0,2023-10-13,2024-02-05,0
CLT01781,36,Marié(e),Salarié,Occitanie,108,Assurance Habitation,Premium,Téléphone,86.04,0,0.0,1.0,1,0,4.0,1,2023-02-15,2023-07-16,0
CLT01782,49,Veuf/Veuve,Fonctionnaire,Hauts-de-France,132,Assurance Vie,Premium,Téléphone,119.29,0,0.0,0.0,0,0,4.0,0,2022-05-20,2024-05-27,0
CLT01783,30,Marié(e),Indépendant,Nouvelle-Aquitaine,36,Assurance Santé,Essentiel,Agence,115.21,1,2127.87,1.0,3,1,3.0,1,2023-09-20,2023-10-24,0
CLT01784,61,Veuf/Veuve,Indépendant,Auvergne-Rhône-Alpes,60,Assurance Auto,Confort,Web,108.43,0,17451.73,2.0,0,0,5.0,0,2022-09-06,2023-10-11,1
CLT01785,26,En couple,Indépendant,Grand Est,132,Assurance Habitation,Premium,Téléphone,104.35,1,1925.51,3.0,2,0,5.0,0,2022-12-25,2023-03-07,0
CLT01786,70,Célibataire,Sans emploi,Grand Est,120,Assurance Habitation,Confort,Web,67.28,0,0.0,0.0,3,1,5.0,0,2023-11-20,2023-12-28,0
CLT01787,53,Marié(e),Salarié,Nouvelle-Aquitaine,12,Assurance Habitation,Confort,Web,55.7,0,0.0,1.0,0,0,4.0,0,2023-10-15,2023-12-14,0
CLT01788,44,En couple,Retraité,Hauts-de-France,108,Multirisque Pro,Confort,Agence,300.18,1,1021.88,0.0,2,1,4.0,1,2022-11-02,2023-03-09,0
CLT01789,40,Célibataire,Fonctionnaire,Auvergne-Rhône-Alpes,12,Multirisque Pro,Premium,Téléphone,410.78,1,1101.55,0.0,0,0,3.0,1,2022-10-06,2022-11-16,0
CLT01790,57,Veuf/Veuve,Sans emploi,Hauts-de-France,48,Assurance Vie,Confort,Agence,94.13,2,1713.37,0.0,3,1,5.0,0,2022-06-22,2024-06-17,0
CLT01791,47,Célibataire,Sans emploi,PACA,12,Assurance Vie,Confort,Web,98.63,0,0.0,1.0,3,0,3.0,0,2023-09-06,2024-03-09,0
CLT01792,43,Veuf/Veuve,Salarié,Grand Est,132,Assurance Habitation,Premium,Téléphone,99.55,1,2291.53,0.0,0,1,4.0,0,2023-10-16,2023-12-08,1
CLT01793,22,Marié(e),Retraité,Nouvelle-Aquitaine,24,Assurance Santé,Premium,Courtier,259.92,0,0.0,3.0,3,3,4.0,0,2023-11-14,2024-06-15,0
CLT01794,71,Célibataire,Retraité,Île-de-France,72,Assurance Santé,Confort,Agence,189.45,2,586.47,0.0,1,0,1.0,0,2022-09-06,2024-04-27,1
CLT01795,56,Célibataire,Retraité,Nouvelle-Aquitaine,48,Assurance Vie,Essentiel,Téléphone,51.07,0,0.0,0.0,0,0,4.0,0,2023-07-29,2024-06-03,0
CLT01796,74,Célibataire,Sans emploi,Île-de-France,108,Multirisque Pro,Confort,Téléphone,289.87,3,1215.14,1.0,1,0,2.0,0,2023-10-21,2024-06-21,0
CLT01797,32,En couple,Fonctionnaire,PACA,48,Assurance Auto,Premium,Agence,155.81,1,1851.32,0.0,1,0,4.0,0,2023-08-18,2024-06-22,0
CLT01798,73,Veuf/Veuve,Retraité,Bretagne,168,Assurance Vie,Confort,Agence,100.03,0,0.0,4.0,1,0,4.0,0,2023-08-11,2024-05-04,0
CLT01799,68,En couple,Sans emploi,Île-de-France,36,Assurance Auto,Confort,Téléphone,104.56,0,0.0,1.0,1,0,3.0,0,2022-07-05,2022-07-29,0
CLT01800,34,Célibataire,Retraité,Grand Est,12,Assurance Santé,Essentiel,Courtier,123.24,1,2877.56,2.0,3,0,3.0,0,2022-09-17,2023-09-19,1
CLT01801,39,Veuf/Veuve,Salarié,Nouvelle-Aquitaine,72,Assurance Santé,Confort,Web,173.46,1,954.43,1.0,2,0,5.0,0,2022-11-29,2024-03-12,0
CLT01802,66,Veuf/Veuve,Fonctionnaire,Bretagne,144,Assurance Santé,Essentiel,Web,126.82,0,0.0,4.0,1,0,4.0,0,2022-06-26,2023-11-19,0
CLT01803,41,Marié(e),Fonctionnaire,Occitanie,120,Assurance Auto,Confort,Courtier,101.35,1,460.93,4.0,3,0,4.0,0,2022-04-14,2024-04-22,0
CLT01804,54,Veuf/Veuve,Indépendant,Bretagne,24,Assurance Auto,Premium,Téléphone,170.15,0,0.0,2.0,2,0,5.0,0,2023-01-27,2023-08-22,0
CLT01805,24,Marié(e),Retraité,Bretagne,36,Assurance Santé,Premium,Téléphone,207.63,2,1349.89,1.0,1,1,5.0,0,2023-01-06,2023-06-18,0
CLT01806,69,En couple,Sans emploi,PACA,168,Assurance Habitation,Confort,Agence,61.1,1,997.91,0.0,1,1,1.0,0,2022-11-14,2024-04-15,0
CLT01807,68,Célibataire,Indépendant,Grand Est,120,Multirisque Pro,Confort,Web,328.8,0,0.0,2.0,3,0,4.0,0,2022-04-06,2022-07-07,0
CLT01808,57,En couple,Fonctionnaire,Nouvelle-Aquitaine,132,Multirisque Pro,Premium,Téléphone,478.16,0,0.0,0.0,2,0,5.0,0,2023-06-30,2023-12-28,0
CLT01809,24,Marié(e),Sans emploi,PACA,60,Assurance Vie,Essentiel,Téléphone,53.58,0,0.0,3.0,1,1,4.0,0,2023-08-07,2023-09-18,1
CLT01810,25,En couple,Sans emploi,Île-de-France,48,Assurance Santé,Essentiel,Téléphone,124.88,3,5407.78,0.0,3,0,5.0,0,2022-06-08,2024-04-21,0
CLT01811,56,En couple,Indépendant,Occitanie,84,Assurance Santé,Essentiel,Téléphone,124.97,0,0.0,3.0,1,0,4.0,0,2022-08-20,2023-11-13,0
CLT01812,25,En couple,Salarié,Nouvelle-Aquitaine,84,Assurance Habitation,Essentiel,Agence,44.66,3,4986.73,1.0,1,3,2.0,0,2023-09-19,2024-05-23,1
CLT01813,56,En couple,Sans emploi,Grand Est,72,Assurance Vie,Confort,Web,95.97,1,248.99,4.0,1,1,4.0,0,2023-08-18,2024-03-09,0
CLT01814,51,Marié(e),Retraité,Bretagne,48,Multirisque Pro,Confort,Courtier,288.63,4,1411.76,1.0,0,0,4.0,0,2023-01-15,2024-01-23,0
CLT01815,28,En couple,Fonctionnaire,PACA,60,Assurance Habitation,Confort,Courtier,69.55,0,0.0,1.0,2,0,5.0,0,2023-12-21,2024-02-22,0
CLT01816,53,Veuf/Veuve,Sans emploi,PACA,120,Multirisque Pro,Premium,Web,411.36,2,5487.3,1.0,3,0,1.0,1,2022-11-18,2023-03-05,0
CLT01817,54,Veuf/Veuve,Fonctionnaire,Occitanie,168,Multirisque Pro,Essentiel,Courtier,181.49,0,0.0,0.0,2,1,,0,2023-08-12,2023-09-08,0
CLT01818,43,Veuf/Veuve,Salarié,Hauts-de-France,84,Assurance Vie,Premium,Téléphone,130.0,2,2496.29,2.0,3,1,4.0,0,2022-06-25,2022-07-17,0
CLT01819,57,Veuf/Veuve,Indépendant,Bretagne,60,Multirisque Pro,Confort,Agence,302.03,0,0.0,1.0,3,0,3.0,0,2022-03-07,2024-02-03,0
CLT01820,44,Célibataire,Sans emploi,Nouvelle-Aquitaine,84,Assurance Santé,Essentiel,Courtier,132.35,1,2897.5,0.0,2,0,4.0,0,2023-05-18,2023-12-24,0
CLT01821,45,Marié(e),Sans emploi,Hauts-de-France,72,Assurance Habitation,Confort,Web,63.88,0,0.0,1.0,2,0,4.0,0,2023-12-15,2024-06-04,0
CLT01822,47,En couple,Sans emploi,Grand Est,132,Assurance Santé,Confort,Web,198.69,1,2481.35,,3,0,3.0,0,2023-11-29,2024-04-27,0
CLT01823,59,Célibataire,Salarié,Bretagne,48,Assurance Santé,Essentiel,Agence,114.31,0,0.0,0.0,1,0,4.0,0,2023-09-21,2023-10-23,0
CLT01824,54,En couple,Sans emploi,Occitanie,12,Multirisque Pro,Confort,Web,245.46,0,0.0,2.0,0,0,5.0,0,2022-07-03,2023-01-04,0
CLT01825,65,Marié(e),Salarié,PACA,48,Assurance Auto,Premium,Téléphone,156.08,0,0.0,0.0,2,0,5.0,0,2022-04-07,2023-05-25,0
CLT01826,29,Veuf/Veuve,Retraité,Grand Est,120,Multirisque Pro,Premium,Téléphone,363.84,1,1466.58,1.0,2,0,5.0,1,2022-05-22,2023-05-08,0
CLT01827,64,En couple,Retraité,Bretagne,96,Assurance Habitation,Essentiel,Courtier,40.73,1,2722.34,2.0,1,0,4.0,0,2022-09-16,2024-02-09,0
CLT01828,33,En couple,Indépendant,Grand Est,132,Assurance Auto,Essentiel,Courtier,90.77,0,0.0,4.0,3,0,,1,2022-12-26,2023-03-19,0
CLT01829,73,Célibataire,Sans emploi,Nouvelle-Aquitaine,84,Assurance Santé,Confort,Agence,194.84,0,0.0,0.0,2,1,5.0,0,2022-03-04,2023-09-25,0
CLT01830,71,En couple,Salarié,PACA,144,Assurance Auto,Premium,Courtier,179.8,0,0.0,2.0,1,0,3.0,1,2023-06-26,2023-07-02,1
CLT01831,35,Célibataire,Sans emploi,Nouvelle-Aquitaine,108,Assurance Auto,Confort,Téléphone,97.38,0,0.0,1.0,1,1,4.0,0,2023-07-31,2024-02-07,0
CLT01832,37,En couple,Sans emploi,Hauts-de-France,96,Assurance Auto,Essentiel,Web,73.48,1,2444.07,1.0,1,2,5.0,0,2022-08-12,2023-07-31,1
CLT01833,54,En couple,Retraité,Bretagne,132,Assurance Auto,Premium,Web,153.59,0,0.0,1.0,0,0,5.0,0,2023-12-25,2024-02-08,0
CLT01834,55,Célibataire,Sans emploi,Île-de-France,144,Multirisque Pro,Essentiel,Téléphone,207.32,1,347.24,0.0,2,0,4.0,0,2022-05-04,2023-03-19,0
CLT01835,63,En couple,Salarié,Auvergne-Rhône-Alpes,24,Assurance Santé,Essentiel,Courtier,120.03,4,3010.22,0.0,1,0,3.0,1,2023-05-25,2023-08-31,1
CLT01836,30,Veuf/Veuve,Retraité,Hauts-de-France,132,Multirisque Pro,Essentiel,Courtier,182.81,2,3827.21,0.0,1,0,4.0,0,2022-04-30,2024-03-14,0
CLT01837,66,Marié(e),Indépendant,Occitanie,36,Multirisque Pro,Essentiel,Courtier,205.41,0,0.0,3.0,1,0,4.0,0,2022-09-03,2024-01-18,0
CLT01838,34,Célibataire,Retraité,Bretagne,24,Assurance Habitation,Confort,Agence,68.54,1,1232.64,0.0,2,1,4.0,0,2023-11-07,2024-05-06,0
CLT01839,40,Veuf/Veuve,Sans emploi,Bretagne,120,Multirisque Pro,Essentiel,Agence,198.89,3,3962.61,0.0,0,0,2.0,0,2023-10-21,2023-12-11,0
CLT01840,52,En couple,Fonctionnaire,Hauts-de-France,156,Assurance Santé,Confort,Web,178.85,2,5750.64,1.0,3,0,2.0,0,2023-10-04,2024-05-09,0
CLT01841,60,Veuf/Veuve,Salarié,PACA,120,Assurance Vie,Confort,Téléphone,79.85,0,0.0,0.0,1,0,,1,2023-05-19,2023-07-11,0
CLT01842,30,Marié(e),Retraité,Grand Est,156,Assurance Santé,Premium,Téléphone,273.95,0,0.0,0.0,3,0,2.0,0,2022-10-22,2022-12-17,0
CLT01843,58,Marié(e),Sans emploi,PACA,144,Multirisque Pro,Essentiel,Web,210.94,0,0.0,0.0,3,1,4.0,0,2023-08-08,2024-05-11,1
CLT01844,33,Célibataire,Salarié,Île-de-France,144,Assurance Habitation,Premium,Courtier,98.07,3,4201.22,0.0,3,0,1.0,0,2022-11-07,2023-12-06,0
CLT01845,57,En couple,Sans emploi,Grand Est,168,Assurance Habitation,Confort,Agence,70.61,2,1598.62,1.0,3,0,4.0,1,2023-01-15,2023-03-01,0
CLT01846,65,En couple,Fonctionnaire,Auvergne-Rhône-Alpes,60,Assurance Habitation,Essentiel,Téléphone,39.37,0,0.0,0.0,0,0,5.0,0,2022-03-16,2024-03-16,0
CLT01847,56,Célibataire,Retraité,Île-de-France,12,Assurance Habitation,Confort,Web,53.93,1,2873.38,2.0,1,0,5.0,0,2022-07-30,2022-11-26,0
CLT01848,27,En couple,Retraité,Bretagne,84,Assurance Santé,Essentiel,Web,118.24,2,5890.99,0.0,2,1,4.0,0,2022-08-22,2023-09-06,0
CLT01849,40,En couple,Sans emploi,Auvergne-Rhône-Alpes,84,Assurance Vie,Essentiel,Web,65.08,2,489.3,3.0,2,1,5.0,0,2023-11-16,2024-01-21,0
CLT01850,54,Marié(e),Retraité,Occitanie,144,Assurance Vie,Premium,Courtier,143.48,1,1806.55,2.0,3,3,4.0,0,2023-12-08,2023-12-10,1
CLT01851,31,En couple,Retraité,Nouvelle-Aquitaine,60,Assurance Vie,Confort,Téléphone,94.82,2,3889.77,0.0,3,0,4.0,0,2022-09-17,2024-05-23,0
CLT01852,49,Veuf/Veuve,Indépendant,Île-de-France,156,Assurance Auto,Premium,Téléphone,151.99,0,0.0,1.0,1,0,5.0,0,2023-11-10,2024-05-04,0
CLT01853,50,En couple,Retraité,PACA,60,Assurance Habitation,Essentiel,Agence,51.18,1,289.05,3.0,3,0,3.0,0,2022-03-10,2022-09-13,0
CLT01854,60,Veuf/Veuve,Fonctionnaire,Nouvelle-Aquitaine,60,Multirisque Pro,Confort,Web,331.85,2,4104.86,0.0,2,2,4.0,0,2023-07-04,2023-11-27,0
CLT01855,47,Célibataire,Retraité,PACA,36,Assurance Santé,Premium,Courtier,223.82,0,0.0,0.0,2,0,3.0,0,2022-07-26,2022-10-22,1
CLT01856,30,Célibataire,Retraité,Auvergne-Rhône-Alpes,168,Multirisque Pro,Confort,Web,257.06,0,0.0,1.0,0,0,4.0,0,2023-05-06,2023-06-30,0
CLT01857,46,En couple,Salarié,Grand Est,12,Assurance Auto,Essentiel,Agence,71.37,2,5660.82,0.0,0,1,4.0,1,2023-12-12,2023-12-29,0
CLT01858,33,En couple,Retraité,Hauts-de-France,12,Assurance Habitation,Confort,Courtier,72.39,0,0.0,1.0,2,0,5.0,0,2023-09-04,2023-09-25,0
CLT01859,66,Célibataire,Sans emploi,Bretagne,120,Multirisque Pro,Essentiel,Web,227.91,1,1695.21,0.0,3,3,4.0,0,2022-01-15,2022-06-20,1
CLT01860,23,Veuf/Veuve,Indépendant,Bretagne,96,Assurance Santé,Confort,Web,173.79,0,0.0,2.0,2,0,5.0,0,2023-10-22,2023-11-05,0
CLT01861,37,Célibataire,Indépendant,Nouvelle-Aquitaine,144,Assurance Vie,Confort,Web,99.45,2,2049.86,0.0,1,0,3.0,0,2022-07-08,2024-04-10,1
CLT01862,54,Veuf/Veuve,Salarié,Île-de-France,36,Assurance Habitation,Confort,Téléphone,55.84,0,0.0,0.0,3,0,3.0,0,2022-09-09,2024-05-17,0
CLT01863,36,Marié(e),Salarié,Auvergne-Rhône-Alpes,84,Multirisque Pro,Confort,Web,290.71,1,1173.09,0.0,3,0,5.0,0,2022-04-25,2024-03-26,0
CLT01864,73,Marié(e),Fonctionnaire,Auvergne-Rhône-Alpes,132,Assurance Auto,Confort,Agence,131.59,1,1906.03,0.0,3,0,4.0,0,2022-02-09,2022-07-05,0
CLT01865,57,Veuf/Veuve,Salarié,Île-de-France,132,Assurance Auto,Premium,Web,151.99,0,0.0,,3,0,3.0,0,2023-07-31,2023-08-29,0
CLT01866,26,Célibataire,Sans emploi,Occitanie,60,Assurance Vie,Premium,Agence,109.55,0,0.0,2.0,1,1,3.0,0,2023-07-13,2023-08-19,0
CLT01867,39,Marié(e),Sans emploi,Grand Est,132,Assurance Auto,Premium,Téléphone,143.9,4,7383.01,1.0,2,1,3.0,0,2023-02-01,2024-05-06,0
CLT01868,66,Marié(e),Retraité,Nouvelle-Aquitaine,12,Assurance Habitation,Premium,Téléphone,79.37,0,0.0,0.0,1,0,4.0,0,2023-05-06,2023-07-23,1
CLT01869,53,En couple,Fonctionnaire,Occitanie,108,Assurance Vie,Premium,Courtier,105.55,0,0.0,4.0,3,0,4.0,0,2023-10-15,2024-01-12,0
CLT01870,65,Célibataire,Retraité,Bretagne,120,Assurance Vie,Confort,Web,95.29,1,1729.06,4.0,1,0,3.0,0,2022-11-04,2023-03-31,1
CLT01871,56,Veuf/Veuve,Indépendant,Occitanie,156,Assurance Auto,Confort,Téléphone,123.69,0,0.0,2.0,2,2,4.0,0,2023-10-04,2024-04-01,0
CLT01872,31,Veuf/Veuve,Retraité,Grand Est,156,Assurance Habitation,Confort,Téléphone,69.67,1,2069.7,0.0,0,3,4.0,0,2023-03-31,2023-10-15,0
CLT01873,49,Veuf/Veuve,Indépendant,Bretagne,36,Assurance Vie,Confort,Courtier,80.24,2,5628.48,2.0,0,0,4.0,0,2023-06-27,2023-10-10,1
CLT01874,66,Marié(e),Retraité,Occitanie,144,Assurance Habitation,Essentiel,Web,43.8,0,0.0,2.0,2,0,1.0,0,2023-07-16,2024-02-10,1
CLT01875,63,Veuf/Veuve,Indépendant,Occitanie,36,Assurance Santé,Premium,Courtier,245.49,0,0.0,1.0,2,0,4.0,0,2023-04-27,2023-06-21,0
CLT01876,56,Veuf/Veuve,Salarié,Nouvelle-Aquitaine,36,Multirisque Pro,Premium,Téléphone,370.97,0,0.0,0.0,0,1,3.0,0,2022-07-24,2023-03-03,0
CLT01877,32,Veuf/Veuve,Indépendant,Grand Est,48,Assurance Santé,Premium,Web,251.34,2,2562.65,0.0,2,3,3.0,1,2023-03-30,2023-04-11,1
CLT01878,62,En couple,Retraité,Nouvelle-Aquitaine,120,Assurance Habitation,Confort,Web,71.22,1,2159.52,4.0,3,2,4.0,0,2023-08-12,2023-11-21,1
CLT01879,24,En couple,Indépendant,Hauts-de-France,12,Assurance Habitation,Confort,Courtier,54.21,0,0.0,4.0,2,3,4.0,0,2023-05-14,2023-10-22,0
CLT01880,29,Célibataire,Salarié,PACA,156,Multirisque Pro,Premium,Agence,456.42,1,2151.58,,1,0,4.0,1,2022-01-22,2022-01-30,0
CLT01881,45,Marié(e),Indépendant,Bretagne,120,Assurance Auto,Confort,Agence,101.96,1,1198.38,2.0,2,0,4.0,0,2022-06-04,2023-01-08,0
CLT01882,34,Veuf/Veuve,Retraité,Bretagne,156,Assurance Santé,Essentiel,Courtier,136.0,1,2156.11,0.0,1,0,5.0,0,2022-12-13,2023-06-10,0
CLT01883,27,En couple,Indépendant,Auvergne-Rhône-Alpes,144,Assurance Santé,Confort,Agence,155.32,0,0.0,5.0,0,0,3.0,0,2023-03-02,2023-05-01,1
CLT01884,57,Veuf/Veuve,Fonctionnaire,Auvergne-Rhône-Alpes,84,Multirisque Pro,Premium,Téléphone,381.41,0,0.0,1.0,1,0,4.0,0,2023-12-08,2024-02-09,0
CLT01885,39,Célibataire,Salarié,Hauts-de-France,12,Assurance Auto,Premium,Web,166.65,1,2881.12,0.0,0,1,4.0,1,2022-05-19,2023-06-13,0
CLT01886,68,Célibataire,Sans emploi,Auvergne-Rhône-Alpes,12,Assurance Vie,Confort,Téléphone,89.69,0,0.0,1.0,2,1,1.0,0,2023-12-06,2024-03-07,1
CLT01887,49,Célibataire,Retraité,Hauts-de-France,144,Assurance Vie,Premium,Web,124.57,3,5609.59,4.0,2,2,2.0,0,2023-11-19,2024-04-12,0
CLT01888,64,Célibataire,Indépendant,Bretagne,96,Assurance Santé,Confort,Agence,178.77,1,2331.39,2.0,2,0,3.0,0,2022-05-19,2024-02-17,0
CLT01889,31,Célibataire,Indépendant,Auvergne-Rhône-Alpes,12,Assurance Santé,Premium,Téléphone,225.24,0,0.0,0.0,2,0,4.0,0,2023-10-12,2024-03-24,0
CLT01890,24,Veuf/Veuve,Salarié,Bretagne,108,Assurance Santé,Premium,Agence,285.1,0,0.0,1.0,1,0,3.0,0,2023-09-29,2024-04-29,1
CLT01891,62,Marié(e),Sans emploi,Occitanie,96,Assurance Habitation,Confort,Courtier,67.48,0,0.0,1.0,2,1,4.0,0,2022-01-25,2023-06-10,0
CLT01892,68,Marié(e),Fonctionnaire,Occitanie,36,Assurance Santé,Essentiel,Agence,114.28,1,1093.79,1.0,3,1,4.0,0,2023-04-05,2023-11-12,0
CLT01893,67,Célibataire,Fonctionnaire,Hauts-de-France,132,Assurance Santé,Essentiel,Courtier,109.65,3,6606.27,2.0,1,0,4.0,0,2023-07-19,2023-08-04,0
CLT01894,67,Marié(e),Retraité,Île-de-France,132,Assurance Habitation,Premium,Agence,90.15,0,0.0,5.0,3,1,4.0,0,2022-07-24,2023-11-17,0
CLT01895,26,Veuf/Veuve,Fonctionnaire,Nouvelle-Aquitaine,48,Assurance Vie,Confort,Agence,89.31,2,4978.46,1.0,0,0,4.0,0,2023-01-11,2024-06-18,0
CLT01896,49,Marié(e),Fonctionnaire,Auvergne-Rhône-Alpes,120,Assurance Vie,Confort,Courtier,80.08,0,0.0,2.0,1,0,,0,2023-07-20,2023-10-26,0
CLT01897,65,Veuf/Veuve,Salarié,PACA,144,Assurance Vie,Confort,Courtier,86.27,0,0.0,2.0,0,0,4.0,0,2023-11-14,2024-02-03,0
CLT01898,64,Célibataire,Indépendant,Auvergne-Rhône-Alpes,60,Multirisque Pro,Essentiel,Agence,172.08,0,0.0,2.0,1,0,4.0,0,2022-03-18,2022-09-15,0
CLT01899,65,Célibataire,Salarié,Occitanie,48,Assurance Santé,Essentiel,Web,116.63,1,808.78,0.0,1,0,1.0,0,2022-01-10,2024-01-20,1
CLT01900,42,En couple,Sans emploi,PACA,36,Assurance Auto,Premium,Courtier,174.89,0,0.0,1.0,0,0,4.0,0,2023-10-04,2024-05-26,0
CLT01901,68,Célibataire,Indépendant,PACA,120,Assurance Santé,Premium,Agence,269.61,1,2036.34,0.0,0,2,4.0,0,2022-07-24,2022-10-15,0
CLT01902,32,Veuf/Veuve,Indépendant,Île-de-France,12,Assurance Habitation,Essentiel,Agence,38.92,1,1561.26,0.0,0,3,5.0,0,2022-08-04,2022-09-24,0
CLT01903,55,Veuf/Veuve,Indépendant,Occitanie,60,Assurance Auto,Confort,Courtier,103.72,0,0.0,0.0,1,1,2.0,0,2023-12-27,2024-05-01,1
CLT01904,43,Marié(e),Sans emploi,Hauts-de-France,156,Multirisque Pro,Premium,Web,475.2,0,0.0,2.0,1,0,2.0,0,2022-03-04,2023-05-31,0
CLT01905,56,En couple,Indépendant,PACA,48,Assurance Habitation,Premium,Agence,101.64,0,0.0,2.0,3,1,5.0,1,2022-09-27,2023-02-21,0
CLT01906,42,Célibataire,Indépendant,PACA,72,Multirisque Pro,Premium,Web,359.79,0,0.0,0.0,3,1,5.0,0,2022-07-11,2023-06-05,1
CLT01907,53,Veuf/Veuve,Sans emploi,Nouvelle-Aquitaine,36,Assurance Habitation,Essentiel,Téléphone,50.45,1,1017.35,1.0,3,0,4.0,0,2023-10-18,2024-03-12,0
CLT01908,56,En couple,Sans emploi,Bretagne,132,Assurance Habitation,Confort,Courtier,65.8,0,0.0,0.0,0,0,4.0,0,2022-01-08,2023-11-09,0
CLT01909,31,Célibataire,Salarié,PACA,24,Assurance Santé,Confort,Web,194.05,1,1089.0,1.0,1,3,1.0,0,2023-05-21,2023-11-13,0
CLT01910,63,Veuf/Veuve,Salarié,PACA,12,Assurance Auto,Premium,Téléphone,169.59,0,0.0,0.0,3,1,5.0,0,2023-11-22,2023-12-14,0
CLT01911,45,Marié(e),Fonctionnaire,PACA,96,Assurance Santé,Premium,Courtier,260.63,2,3085.4,1.0,3,0,2.0,0,2023-04-07,2023-10-07,1
CLT01912,54,Veuf/Veuve,Fonctionnaire,Nouvelle-Aquitaine,96,Assurance Vie,Confort,Téléphone,100.29,0,0.0,1.0,3,0,5.0,1,2023-07-14,2023-10-19,1
CLT01913,74,Marié(e),Retraité,Île-de-France,156,Assurance Habitation,Premium,Web,85.88,1,1605.19,,0,0,2.0,0,2023-04-22,2023-12-14,1
CLT01914,59,Veuf/Veuve,Indépendant,Hauts-de-France,36,Assurance Santé,Confort,Téléphone,200.63,0,0.0,0.0,3,0,4.0,0,2022-05-26,2024-06-19,1
CLT01915,24,Marié(e),Retraité,Auvergne-Rhône-Alpes,24,Assurance Vie,Confort,Agence,97.55,1,607.18,1.0,0,0,5.0,0,2023-10-10,2023-12-25,0
CLT01916,23,En couple,Indépendant,Grand Est,48,Assurance Vie,Confort,Agence,84.0,2,896.36,0.0,1,2,1.0,0,2023-08-31,2023-12-03,1
CLT01917,59,Veuf/Veuve,Indépendant,Grand Est,12,Assurance Habitation,Essentiel,Agence,47.77,0,0.0,4.0,3,1,5.0,0,2022-10-05,2023-09-15,1
CLT01918,60,En couple,Fonctionnaire,Grand Est,168,Assurance Habitation,Essentiel,Téléphone,47.42,0,0.0,1.0,3,0,,0,2023-07-17,2023-12-06,1
CLT01919,26,Veuf/Veuve,Retraité,Hauts-de-France,48,Assurance Habitation,Essentiel,Téléphone,48.8,3,6810.42,1.0,0,0,2.0,0,2022-06-13,2023-10-25,1
CLT01920,41,Marié(e),Retraité,PACA,24,Assurance Auto,Confort,Agence,122.45,1,732.62,2.0,2,0,5.0,0,2023-09-15,2024-02-10,0
CLT01921,70,Veuf/Veuve,Retraité,Occitanie,12,Assurance Habitation,Essentiel,Téléphone,52.52,3,8121.48,0.0,0,0,5.0,0,2022-01-14,2022-11-25,0
CLT01922,69,Célibataire,Sans emploi,Grand Est,72,Assurance Habitation,Confort,Courtier,75.46,0,0.0,2.0,0,0,2.0,0,2022-05-13,2023-11-06,1
CLT01923,69,Marié(e),Sans emploi,Auvergne-Rhône-Alpes,24,Assurance Santé,Confort,Courtier,173.91,0,0.0,1.0,0,0,3.0,0,2023-04-30,2023-06-01,0
CLT01924,72,En couple,Indépendant,Grand Est,48,Assurance Auto,Confort,Courtier,120.33,1,1749.77,0.0,3,1,3.0,0,2022-12-01,2023-07-28,0
CLT01925,30,Marié(e),Sans emploi,Nouvelle-Aquitaine,24,Assurance Santé,Premium,Téléphone,280.0,2,697.66,1.0,2,1,4.0,0,2022-12-06,2023-06-23,1
CLT01926,45,En couple,Retraité,Occitanie,12,Assurance Habitation,Confort,Web,69.67,0,0.0,0.0,0,1,5.0,0,2023-07-31,2024-03-27,0
CLT01927,28,En couple,Sans emploi,Grand Est,84,Assurance Auto,Confort,Agence,109.41,1,959.42,2.0,0,0,4.0,1,2022-11-26,2023-02-17,1
CLT01928,25,Célibataire,Retraité,Nouvelle-Aquitaine,60,Multirisque Pro,Confort,Téléphone,320.16,1,1116.32,1.0,0,1,2.0,0,2023-02-03,2023-08-19,0
CLT01929,54,Célibataire,Retraité,Bretagne,84,Assurance Santé,Premium,Web,286.85,1,1971.22,0.0,2,0,5.0,0,2022-09-10,2023-04-26,0
CLT01930,43,En couple,Fonctionnaire,Hauts-de-France,72,Assurance Auto,Confort,Courtier,117.3,3,1514.43,0.0,1,2,5.0,0,2022-11-24,2024-04-03,1
CLT01931,46,Célibataire,Fonctionnaire,Occitanie,144,Assurance Santé,Premium,Web,283.95,1,1445.72,0.0,0,0,4.0,0,2022-03-04,2024-03-26,0
CLT01932,39,Veuf/Veuve,Retraité,Occitanie,36,Assurance Habitation,Premium,Courtier,77.01,0,0.0,1.0,1,0,3.0,0,2023-12-19,2023-12-21,0
CLT01933,74,Marié(e),Salarié,Auvergne-Rhône-Alpes,24,Assurance Santé,Confort,Web,151.25,0,0.0,3.0,2,3,,0,2022-01-30,2023-11-28,1
CLT01934,59,En couple,Retraité,Hauts-de-France,24,Assurance Vie,Essentiel,Courtier,55.98,1,2968.18,0.0,3,2,2.0,0,2023-10-03,2024-04-15,1
CLT01935,44,Célibataire,Fonctionnaire,Bretagne,108,Multirisque Pro,Essentiel,Téléphone,239.33,1,555.93,1.0,0,1,3.0,0,2023-04-12,2023-08-31,0
CLT01936,70,En couple,Sans emploi,Nouvelle-Aquitaine,60,Assurance Habitation,Premium,Téléphone,80.14,1,1791.41,1.0,2,0,3.0,1,2022-05-12,2023-04-07,0
CLT01937,66,Veuf/Veuve,Fonctionnaire,Bretagne,60,Assurance Auto,Essentiel,Agence,77.83,2,5747.35,4.0,3,1,5.0,0,2022-05-26,2023-04-13,0
CLT01938,46,Marié(e),Retraité,Grand Est,120,Assurance Vie,Premium,Agence,140.05,0,0.0,0.0,1,2,5.0,0,2022-07-02,2023-06-01,0
CLT01939,61,Célibataire,Sans emploi,Bretagne,144,Multirisque Pro,Essentiel,Courtier,206.09,0,0.0,0.0,0,3,4.0,0,2022-02-27,2024-03-08,1
CLT01940,22,En couple,Indépendant,PACA,156,Assurance Habitation,Confort,Agence,55.77,0,0.0,2.0,0,0,5.0,0,2022-04-15,2023-10-02,0
CLT01941,26,Marié(e),Fonctionnaire,PACA,108,Assurance Habitation,Premium,Web,104.24,0,0.0,0.0,3,0,3.0,1,2022-12-13,2023-03-06,0
CLT01942,60,Veuf/Veuve,Sans emploi,Hauts-de-France,60,Assurance Vie,Confort,Agence,76.27,0,0.0,1.0,0,0,3.0,0,2022-03-05,2023-08-24,0
CLT01943,62,Célibataire,Indépendant,Auvergne-Rhône-Alpes,168,Assurance Vie,Premium,Téléphone,116.41,0,0.0,,1,0,3.0,0,2023-04-05,2023-06-25,1
CLT01944,59,Célibataire,Sans emploi,Occitanie,168,Assurance Auto,Confort,Web,128.33,0,0.0,0.0,2,1,4.0,0,2022-01-25,2022-03-19,0
CLT01945,26,En couple,Indépendant,Île-de-France,60,Assurance Habitation,Confort,Agence,60.26,0,0.0,1.0,2,0,4.0,0,2022-06-06,2022-10-24,0
CLT01946,55,Veuf/Veuve,Salarié,Grand Est,156,Multirisque Pro,Confort,Courtier,317.71,0,0.0,1.0,3,0,5.0,1,2023-06-07,2023-11-02,1
CLT01947,67,Célibataire,Indépendant,PACA,132,Assurance Vie,Essentiel,Téléphone,56.43,0,0.0,1.0,1,3,3.0,0,2023-08-27,2023-09-14,0
CLT01948,56,Marié(e),Salarié,Île-de-France,24,Assurance Habitation,Essentiel,Téléphone,43.59,0,0.0,1.0,0,0,4.0,0,2023-08-19,2024-02-23,0
CLT01949,61,En couple,Sans emploi,Occitanie,96,Multirisque Pro,Essentiel,Téléphone,214.21,0,0.0,0.0,1,0,5.0,1,2022-01-08,2023-10-12,1
CLT01950,40,Veuf/Veuve,Indépendant,Bretagne,108,Multirisque Pro,Confort,Courtier,254.39,1,2769.12,0.0,1,2,5.0,0,2022-07-26,2024-04-08,1
CLT01951,63,Marié(e),Retraité,Bretagne,12,Assurance Santé,Confort,Web,169.77,0,0.0,2.0,0,1,4.0,1,2022-05-03,2024-02-28,0
CLT01952,35,Veuf/Veuve,Indépendant,Hauts-de-France,60,Assurance Santé,Confort,Agence,166.81,0,0.0,0.0,0,1,4.0,0,2022-07-09,2022-11-01,0
CLT01953,34,En couple,Sans emploi,Occitanie,144,Assurance Auto,Confort,Agence,121.73,0,0.0,0.0,0,2,3.0,1,2022-11-02,2023-06-09,1
CLT01954,69,Célibataire,Indépendant,Hauts-de-France,96,Multirisque Pro,Confort,Courtier,310.84,0,0.0,0.0,1,0,4.0,0,2023-08-04,2023-12-11,0
CLT01955,68,Célibataire,Indépendant,Nouvelle-Aquitaine,156,Assurance Habitation,Premium,Agence,93.69,0,0.0,1.0,1,3,3.0,0,2022-07-05,2023-06-11,0
CLT01956,25,Veuf/Veuve,Retraité,Bretagne,108,Assurance Habitation,Confort,Téléphone,61.39,2,4579.95,5.0,1,2,5.0,0,2023-09-09,2023-12-02,0
CLT01957,35,Célibataire,Sans emploi,Occitanie,168,Assurance Vie,Confort,Courtier,86.01,0,0.0,4.0,2,0,3.0,0,2022-04-20,2022-04-20,0
CLT01958,73,Marié(e),Salarié,Île-de-France,24,Assurance Auto,Premium,Agence,140.57,0,0.0,1.0,0,0,4.0,0,2022-11-07,2024-02-05,1
CLT01959,65,Célibataire,Fonctionnaire,PACA,72,Assurance Vie,Premium,Web,104.32,0,0.0,1.0,3,0,4.0,0,2022-08-09,2024-05-31,0
CLT01960,52,Marié(e),Retraité,PACA,12,Assurance Habitation,Confort,Courtier,56.18,0,0.0,0.0,3,1,4.0,0,2023-11-01,2023-11-06,0
CLT01961,49,En couple,Fonctionnaire,Nouvelle-Aquitaine,96,Assurance Santé,Essentiel,Agence,124.31,3,5409.98,3.0,0,0,5.0,0,2023-04-13,2024-05-26,1
CLT01962,66,En couple,Salarié,Hauts-de-France,168,Assurance Habitation,Essentiel,Agence,52.14,0,0.0,0.0,0,0,,0,2022-04-26,2022-07-23,0
CLT01963,74,Célibataire,Sans emploi,Nouvelle-Aquitaine,72,Assurance Habitation,Confort,Courtier,53.96,1,2778.26,0.0,3,0,4.0,0,2023-05-07,2023-06-08,0
CLT01964,45,Veuf/Veuve,Salarié,Grand Est,96,Assurance Habitation,Essentiel,Agence,39.37,2,4739.19,0.0,0,0,5.0,0,2022-02-08,2023-07-02,0
CLT01965,31,Célibataire,Sans emploi,Auvergne-Rhône-Alpes,96,Assurance Vie,Confort,Téléphone,86.6,1,563.7,2.0,0,1,4.0,0,2022-02-15,2023-12-19,0
CLT01966,24,En couple,Fonctionnaire,Hauts-de-France,12,Assurance Auto,Confort,Courtier,109.77,1,1811.23,0.0,2,1,4.0,1,2022-01-25,2023-12-13,1
CLT01967,39,Célibataire,Salarié,Hauts-de-France,48,Assurance Santé,Essentiel,Web,127.25,2,4040.95,,0,0,5.0,1,2023-07-31,2024-03-09,1
CLT01968,44,Célibataire,Fonctionnaire,Occitanie,120,Multirisque Pro,Premium,Téléphone,374.4,0,0.0,1.0,0,0,4.0,0,2023-01-08,2023-04-08,0
CLT01969,49,En couple,Fonctionnaire,Hauts-de-France,144,Multirisque Pro,Confort,Téléphone,252.52,0,0.0,1.0,1,0,4.0,0,2023-11-06,2024-06-23,0
CLT01970,30,Marié(e),Retraité,Bretagne,12,Assurance Santé,Premium,Web,267.13,0,0.0,0.0,1,1,2.0,0,2022-06-28,2024-02-12,0
CLT01971,59,Marié(e),Indépendant,Bretagne,108,Assurance Vie,Confort,Téléphone,84.74,2,4368.18,0.0,2,0,4.0,0,2023-11-20,2024-05-30,0
CLT01972,26,Veuf/Veuve,Salarié,Bretagne,84,Assurance Vie,Premium,Téléphone,141.34,0,0.0,0.0,3,0,5.0,0,2023-09-09,2024-01-16,0
CLT01973,44,Veuf/Veuve,Sans emploi,Hauts-de-France,12,Assurance Habitation,Confort,Courtier,59.55,0,0.0,4.0,1,0,4.0,0,2023-11-28,2024-01-09,0
CLT01974,50,En couple,Sans emploi,Bretagne,60,Assurance Auto,Confort,Web,96.14,0,0.0,0.0,2,0,5.0,0,2022-05-23,2022-12-19,0
CLT01975,23,Célibataire,Sans emploi,PACA,132,Assurance Vie,Essentiel,Téléphone,66.02,3,6404.18,3.0,2,0,5.0,0,2022-04-17,2023-11-27,0
CLT01976,57,Marié(e),Retraité,Occitanie,144,Assurance Auto,Confort,Web,105.58,0,0.0,1.0,3,0,5.0,0,2022-04-30,2023-03-29,0
CLT01977,45,En couple,Sans emploi,Grand Est,12,Assurance Santé,Premium,Téléphone,270.72,0,0.0,4.0,0,0,5.0,1,2022-12-26,2024-02-16,1
CLT01978,65,En couple,Salarié,Auvergne-Rhône-Alpes,48,Assurance Auto,Essentiel,Téléphone,94.16,0,0.0,2.0,3,1,2.0,0,2023-06-01,2023-07-26,1
CLT01979,24,En couple,Retraité,Nouvelle-Aquitaine,156,Assurance Vie,Essentiel,Agence,62.7,1,585.48,0.0,1,3,5.0,0,2022-11-07,2023-06-09,0
CLT01980,35,Célibataire,Salarié,Occitanie,60,Multirisque Pro,Premium,Agence,433.45,1,2723.38,2.0,2,1,4.0,1,2022-02-01,2022-11-30,1
CLT01981,25,Célibataire,Fonctionnaire,PACA,12,Assurance Auto,Essentiel,Web,93.74,3,4666.77,0.0,0,0,4.0,1,2023-04-09,2023-06-08,0
CLT01982,24,Marié(e),Fonctionnaire,Île-de-France,96,Assurance Vie,Confort,Téléphone,82.8,0,0.0,0.0,3,3,5.0,0,2023-02-02,2024-02-20,0
CLT01983,25,Célibataire,Retraité,Hauts-de-France,108,Assurance Habitation,Confort,Téléphone,65.3,0,0.0,4.0,0,0,3.0,0,2022-02-02,2023-06-28,0
CLT01984,57,Veuf/Veuve,Retraité,Nouvelle-Aquitaine,156,Assurance Santé,Confort,Agence,165.12,1,513.15,0.0,2,0,3.0,1,2023-07-06,2023-08-25,1
CLT01985,69,Célibataire,Retraité,Hauts-de-France,168,Assurance Vie,Premium,Courtier,112.41,0,0.0,1.0,1,1,5.0,0,2022-02-09,2023-06-23,0
CLT01986,42,Célibataire,Indépendant,PACA,108,Assurance Auto,Confort,Courtier,95.23,4,5353.56,1.0,2,0,5.0,0,2023-10-09,2023-11-26,0
CLT01987,36,Veuf/Veuve,Salarié,Occitanie,36,Assurance Vie,Confort,Courtier,83.46,0,0.0,0.0,2,0,1.0,1,2022-11-27,2023-10-10,0
CLT01988,56,Veuf/Veuve,Salarié,Occitanie,24,Multirisque Pro,Premium,Téléphone,386.93,0,0.0,2.0,0,0,2.0,0,2022-01-11,2023-12-12,1
CLT01989,23,Célibataire,Sans emploi,Hauts-de-France,168,Assurance Habitation,Premium,Agence,97.29,1,2711.97,1.0,3,2,3.0,0,2022-07-05,2023-10-22,1
CLT01990,24,Marié(e),Sans emploi,Île-de-France,120,Assurance Santé,Premium,Téléphone,262.88,0,0.0,2.0,0,1,,0,2022-05-01,2024-04-14,0
CLT01991,41,Marié(e),Indépendant,Hauts-de-France,156,Multirisque Pro,Confort,Web,293.77,0,0.0,0.0,3,0,2.0,0,2022-02-10,2022-12-04,0
CLT01992,27,En couple,Salarié,PACA,120,Multirisque Pro,Confort,Téléphone,265.09,0,0.0,1.0,1,2,5.0,0,2022-07-23,2023-11-28,0
CLT01993,36,En couple,Retraité,Grand Est,132,Assurance Vie,Essentiel,Agence,53.37,0,0.0,2.0,3,0,4.0,0,2022-02-14,2022-12-20,0
CLT01994,54,En couple,Retraité,Hauts-de-France,96,Assurance Habitation,Essentiel,Courtier,45.65,1,1406.73,0.0,1,2,4.0,0,2023-12-19,2024-01-17,0
CLT01995,58,Célibataire,Retraité,Auvergne-Rhône-Alpes,132,Assurance Auto,Essentiel,Web,69.24,0,0.0,1.0,3,0,3.0,0,2023-05-24,2023-11-27,0
CLT01996,57,Veuf/Veuve,Retraité,PACA,120,Assurance Vie,Essentiel,Courtier,67.79,0,0.0,0.0,2,0,4.0,0,2022-02-04,2022-11-16,0
CLT01997,70,Célibataire,Salarié,PACA,36,Assurance Vie,Premium,Téléphone,130.2,2,5174.69,0.0,2,0,4.0,0,2022-09-27,2023-09-28,0
CLT01998,50,Célibataire,Salarié,Auvergne-Rhône-Alpes,72,Assurance Vie,Confort,Web,100.31,0,0.0,1.0,2,0,4.0,0,2022-06-15,2022-09-11,1
CLT01999,50,Marié(e),Sans emploi,Hauts-de-France,108,Multirisque Pro,Essentiel,Web,183.13,1,2794.18,2.0,1,0,2.0,0,2022-09-27,2024-01-29,1
CLT02000,30,Célibataire,Sans emploi,Grand Est,144,Assurance Auto,Premium,Web,139.76,1,1497.53,2.0,1,0,5.0,0,2022-02-10,2022-10-05,0
